condition,method,reps,mean_cov,pr_cov_ge_90,min_cov,width
api99_n3,usual,120,0.979920634920635,1.0,0.9142857142857143,72.33453532197345
api99_n3,ours: Gaussian,120,0.979920634920635,1.0,0.9142857142857143,72.33453532197345
api99_n3,ours: symmetric unimodal,120,0.979920634920635,1.0,0.9142857142857143,72.33453532197345
api99_n3,ours: mean-zero log-concave,120,0.979920634920635,1.0,0.9142857142857143,72.33453532197345
api99_n3,"no shape, median-zero",120,0.9953968253968254,1.0,0.9714285714285714,93.19992315724743
api99_n3,fay_herriot (plug-in D),120,0.9444444444444444,0.9083333333333333,0.8476190476190476,58.59353876966152
api99_n3,latentcp (plug-in D),120,0.9841821428571429,1.0,0.9331904761904763,75.97938950022325
api99_n3,shape_free (plug-in D),120,0.9904761904761905,1.0,0.9523809523809523,83.97490058972812
api99_n2,usual,120,0.9885714285714287,1.0,0.9523809523809523,88.10474061116268
api99_n2,ours: Gaussian,120,0.9885714285714287,1.0,0.9523809523809523,88.10474061116268
api99_n2,ours: symmetric unimodal,120,0.9885714285714287,1.0,0.9523809523809523,88.10474061116268
api99_n2,ours: mean-zero log-concave,120,0.9885714285714287,1.0,0.9523809523809523,88.10474061116268
api99_n2,"no shape, median-zero",120,0.9977777777777778,1.0,0.9714285714285714,119.34122541478658
api99_n2,fay_herriot (plug-in D),120,0.9673809523809525,0.9916666666666667,0.8952380952380953,69.95516905941712
api99_n2,latentcp (plug-in D),120,0.9897543650793651,1.0,0.9477619047619049,93.16235411232817
api99_n2,shape_free (plug-in D),120,0.9933333333333334,1.0,0.9619047619047619,98.85951738669586
socio_n3,usual,120,0.9727777777777777,1.0,0.9142857142857143,150.44308803859505
socio_n3,ours: Gaussian,120,0.9727777777777777,1.0,0.9142857142857143,150.44308803859505
socio_n3,ours: symmetric unimodal,120,0.9727777777777777,1.0,0.9142857142857143,150.44308803859505
socio_n3,ours: mean-zero log-concave,120,0.9727777777777777,1.0,0.9142857142857143,150.44308803859505
socio_n3,"no shape, median-zero",120,0.9934920634920634,1.0,0.9619047619047619,198.05399919275484
socio_n3,fay_herriot (plug-in D),120,0.9411111111111111,0.925,0.8761904761904762,126.7280325602372
socio_n3,latentcp (plug-in D),120,0.9783515873015872,1.0,0.9229523809523811,157.41712628125444
socio_n3,shape_free (plug-in D),120,0.9878571428571429,1.0,0.9428571428571428,175.141192532657
socio_n2,usual,120,0.9834920634920634,1.0,0.9333333333333333,168.1009415980311
socio_n2,ours: Gaussian,120,0.9834920634920634,1.0,0.9333333333333333,168.1009415980311
socio_n2,ours: symmetric unimodal,120,0.9834920634920634,1.0,0.9333333333333333,168.1009415980311
socio_n2,ours: mean-zero log-concave,120,0.9834920634920634,1.0,0.9333333333333333,168.1009415980311
socio_n2,"no shape, median-zero",120,0.996904761904762,1.0,0.9619047619047619,225.41064996383477
socio_n2,fay_herriot (plug-in D),120,0.9576984126984127,0.975,0.8857142857142857,140.03412641008651
socio_n2,latentcp (plug-in D),120,0.986243253968254,1.0,0.9380952380952381,177.12604608997572
socio_n2,shape_free (plug-in D),120,0.9916666666666667,1.0,0.9523809523809523,193.57755834622697
