q,design,K,max_pi,mean_pi,psi,rule,k,reliability
0.8,"heterogeneous, condition holds",1000,0.8044059141740043,0.792591735212665,0.8044105932256035,usual,822,0.9889526780862428
0.8,"heterogeneous, condition holds",1000,0.8044059141740043,0.792591735212665,0.8044105932256035,Gaussian class (Theorem 2),826,0.9955198798004486
0.8,"heterogeneous, condition holds",1000,0.8044059141740043,0.792591735212665,0.8044105932256035,no latent shape,916,1.0000000000000007
0.8,10% easier units (tau = -0.02),1000,0.8197240786358913,0.7957400286957956,0.8044105932256035,usual,822,0.979666759773869
0.8,10% easier units (tau = -0.02),1000,0.8197240786358913,0.7957400286957956,0.8044105932256035,Gaussian class (Theorem 2),826,0.9911647611181288
0.8,10% easier units (tau = -0.02),1000,0.8197240786358913,0.7957400286957956,0.8044105932256035,no latent shape,916,1.0000000000000004
0.8,"heterogeneous, condition holds",10000,0.8044095725979034,0.7925796480346711,0.8044105932256035,usual,8067,0.9997660782029556
0.8,"heterogeneous, condition holds",10000,0.8044095725979034,0.7925796480346711,0.8044105932256035,Gaussian class (Theorem 2),8110,0.9999976853377904
0.8,"heterogeneous, condition holds",10000,0.8044095725979034,0.7925796480346711,0.8044105932256035,no latent shape,9050,1.0
0.8,10% easier units (tau = -0.02),10000,0.8197240786359076,0.79544148081625,0.8044105932256035,usual,8067,0.9974186575071695
0.8,10% easier units (tau = -0.02),10000,0.8197240786359076,0.79544148081625,0.8044105932256035,Gaussian class (Theorem 2),8110,0.9999480341230879
0.8,10% easier units (tau = -0.02),10000,0.8197240786359076,0.79544148081625,0.8044105932256035,no latent shape,9050,1.0
0.9,"heterogeneous, condition holds",1000,0.9008005428965583,0.886872090973286,0.9008034694464981,usual,916,0.9984843916959574
0.9,"heterogeneous, condition holds",1000,0.9008005428965583,0.886872090973286,0.9008034694464981,Gaussian class (Theorem 2),917,0.9989419814006993
0.9,"heterogeneous, condition holds",1000,0.9008005428965583,0.886872090973286,0.9008034694464981,no latent shape,962,1.0000000000000004
0.9,10% easier units (tau = -0.02),1000,0.9186806092379124,0.8897487836355727,0.9008034694464981,usual,916,0.9964019108953558
0.9,10% easier units (tau = -0.02),1000,0.9186806092379124,0.8897487836355727,0.9008034694464981,Gaussian class (Theorem 2),917,0.9974210245604943
0.9,10% easier units (tau = -0.02),1000,0.9186806092379124,0.8897487836355727,0.9008034694464981,no latent shape,962,1.0
0.9,"heterogeneous, condition holds",10000,0.9008014534812732,0.8870647206714363,0.9008034694464981,usual,9050,0.9999999964684522
0.9,"heterogeneous, condition holds",10000,0.9008014534812732,0.8870647206714363,0.9008034694464981,Gaussian class (Theorem 2),9058,0.999999999300653
0.9,"heterogeneous, condition holds",10000,0.9008014534812732,0.8870647206714363,0.9008034694464981,no latent shape,9537,0.9999999999999993
0.9,10% easier units (tau = -0.02),10000,0.9186806092379062,0.8903568451343661,0.9008034694464981,usual,9050,0.999999066890391
0.9,10% easier units (tau = -0.02),10000,0.9186806092379062,0.8903568451343661,0.9008034694464981,Gaussian class (Theorem 2),9058,0.999999760984761
0.9,10% easier units (tau = -0.02),10000,0.9186806092379062,0.8903568451343661,0.9008034694464981,no latent shape,9537,0.9999999999999986
