q,design,noise,H,psi,H_minus_psi,K,rule,k,reliability
0.8,homogeneous extremal,adversarial sigma,0.8044105932256039,0.8044105932256035,4.440892098500626e-16,110,usual,96,0.9591966574096228
0.8,homogeneous extremal,adversarial sigma,0.8044105932256039,0.8044105932256035,4.440892098500626e-16,110,Gaussian class (Theorem 2),96,0.9591966574096228
0.8,homogeneous extremal,adversarial sigma,0.8044105932256039,0.8044105932256035,4.440892098500626e-16,110,no latent shape,105,0.9999948871149362
0.8,homogeneous extremal,adversarial sigma,0.8044105932256039,0.8044105932256035,4.440892098500626e-16,1000,usual,822,0.9146253014106764
0.8,homogeneous extremal,adversarial sigma,0.8044105932256039,0.8044105932256035,4.440892098500626e-16,1000,Gaussian class (Theorem 2),826,0.9551599440760293
0.8,homogeneous extremal,adversarial sigma,0.8044105932256039,0.8044105932256035,4.440892098500626e-16,1000,no latent shape,916,1.0
0.8,homogeneous extremal,adversarial sigma,0.8044105932256039,0.8044105932256035,4.440892098500626e-16,10000,usual,8067,0.7132239310296351
0.8,homogeneous extremal,adversarial sigma,0.8044105932256039,0.8044105932256035,4.440892098500626e-16,10000,Gaussian class (Theorem 2),8110,0.9508474197427755
0.8,homogeneous extremal,adversarial sigma,0.8044105932256039,0.8044105932256035,4.440892098500626e-16,10000,no latent shape,9050,1.0
0.8,homogeneous extremal,adversarial sigma,0.8044105932256039,0.8044105932256035,4.440892098500626e-16,100000,usual,80209,0.03200614318358878
0.8,homogeneous extremal,adversarial sigma,0.8044105932256039,0.8044105932256035,4.440892098500626e-16,100000,Gaussian class (Theorem 2),80648,0.9502431880879634
0.8,homogeneous extremal,adversarial sigma,0.8044105932256039,0.8044105932256035,4.440892098500626e-16,100000,no latent shape,90157,1.0
0.8,homogeneous extremal,adversarial sigma,0.8044105932256039,0.8044105932256035,4.440892098500626e-16,1000000,usual,800659,1.919163876318013e-21
0.8,homogeneous extremal,adversarial sigma,0.8044105932256039,0.8044105932256035,4.440892098500626e-16,1000000,Gaussian class (Theorem 2),805064,0.9501670250702531
0.8,homogeneous extremal,adversarial sigma,0.8044105932256039,0.8044105932256035,4.440892098500626e-16,1000000,no latent shape,900494,1.0
0.8,"heterogeneous, condition holds",adversarial sigma,0.7924183276012116,0.8044105932256035,-0.011992265624391929,110,usual,96,0.979357383003949
0.8,"heterogeneous, condition holds",adversarial sigma,0.7924183276012116,0.8044105932256035,-0.011992265624391929,110,Gaussian class (Theorem 2),96,0.979357383003949
0.8,"heterogeneous, condition holds",adversarial sigma,0.7924183276012116,0.8044105932256035,-0.011992265624391929,110,no latent shape,105,0.9999985996623065
0.8,"heterogeneous, condition holds",adversarial sigma,0.7924183276012116,0.8044105932256035,-0.011992265624391929,1000,usual,822,0.9893185395914045
0.8,"heterogeneous, condition holds",adversarial sigma,0.7924183276012116,0.8044105932256035,-0.011992265624391929,1000,Gaussian class (Theorem 2),826,0.9956832314680496
0.8,"heterogeneous, condition holds",adversarial sigma,0.7924183276012116,0.8044105932256035,-0.011992265624391929,1000,no latent shape,916,1.0
0.8,"heterogeneous, condition holds",adversarial sigma,0.7924183276012116,0.8044105932256035,-0.011992265624391929,10000,usual,8067,0.9997977777444481
0.8,"heterogeneous, condition holds",adversarial sigma,0.7924183276012116,0.8044105932256035,-0.011992265624391929,10000,Gaussian class (Theorem 2),8110,0.9999980740497817
0.8,"heterogeneous, condition holds",adversarial sigma,0.7924183276012116,0.8044105932256035,-0.011992265624391929,10000,no latent shape,9050,1.0
0.8,"heterogeneous, condition holds",adversarial sigma,0.7924183276012116,0.8044105932256035,-0.011992265624391929,100000,usual,80209,0.9999999999999828
0.8,"heterogeneous, condition holds",adversarial sigma,0.7924183276012116,0.8044105932256035,-0.011992265624391929,100000,Gaussian class (Theorem 2),80648,1.0
0.8,"heterogeneous, condition holds",adversarial sigma,0.7924183276012116,0.8044105932256035,-0.011992265624391929,100000,no latent shape,90157,1.0
0.8,"heterogeneous, condition holds",adversarial sigma,0.7924183276012116,0.8044105932256035,-0.011992265624391929,1000000,usual,800659,1.0
0.8,"heterogeneous, condition holds",adversarial sigma,0.7924183276012116,0.8044105932256035,-0.011992265624391929,1000000,Gaussian class (Theorem 2),805064,1.0
0.8,"heterogeneous, condition holds",adversarial sigma,0.7924183276012116,0.8044105932256035,-0.011992265624391929,1000000,no latent shape,900494,1.0
0.8,10% easier units (tau = -0.02),adversarial sigma,0.7954203662205345,0.8044105932256035,-0.008990227005069018,110,usual,96,0.9753812427998884
0.8,10% easier units (tau = -0.02),adversarial sigma,0.7954203662205345,0.8044105932256035,-0.008990227005069018,110,Gaussian class (Theorem 2),96,0.9753812427998884
0.8,10% easier units (tau = -0.02),adversarial sigma,0.7954203662205345,0.8044105932256035,-0.008990227005069018,110,no latent shape,105,0.9999980562905427
0.8,10% easier units (tau = -0.02),adversarial sigma,0.7954203662205345,0.8044105932256035,-0.008990227005069018,1000,usual,822,0.9808109905738295
0.8,10% easier units (tau = -0.02),adversarial sigma,0.7954203662205345,0.8044105932256035,-0.008990227005069018,1000,Gaussian class (Theorem 2),826,0.9917157666345083
0.8,10% easier units (tau = -0.02),adversarial sigma,0.7954203662205345,0.8044105932256035,-0.008990227005069018,1000,no latent shape,916,1.0
0.8,10% easier units (tau = -0.02),adversarial sigma,0.7954203662205345,0.8044105932256035,-0.008990227005069018,10000,usual,8067,0.9974507152619156
0.8,10% easier units (tau = -0.02),adversarial sigma,0.7954203662205345,0.8044105932256035,-0.008990227005069018,10000,Gaussian class (Theorem 2),8110,0.9999487940923778
0.8,10% easier units (tau = -0.02),adversarial sigma,0.7954203662205345,0.8044105932256035,-0.008990227005069018,10000,no latent shape,9050,1.0
0.8,10% easier units (tau = -0.02),adversarial sigma,0.7954203662205345,0.8044105932256035,-0.008990227005069018,100000,usual,80209,0.9999999219235429
0.8,10% easier units (tau = -0.02),adversarial sigma,0.7954203662205345,0.8044105932256035,-0.008990227005069018,100000,Gaussian class (Theorem 2),80648,1.0
0.8,10% easier units (tau = -0.02),adversarial sigma,0.7954203662205345,0.8044105932256035,-0.008990227005069018,100000,no latent shape,90157,1.0
0.8,10% easier units (tau = -0.02),adversarial sigma,0.7954203662205345,0.8044105932256035,-0.008990227005069018,1000000,usual,800659,1.0
0.8,10% easier units (tau = -0.02),adversarial sigma,0.7954203662205345,0.8044105932256035,-0.008990227005069018,1000000,Gaussian class (Theorem 2),805064,1.0
0.8,10% easier units (tau = -0.02),adversarial sigma,0.7954203662205345,0.8044105932256035,-0.008990227005069018,1000000,no latent shape,900494,1.0
0.8,random unit (mixture of point masses),sigma = 1e-4,0.8999,0.8044105932256035,0.09548940677439655,110,usual,96,0.13509504303600514
0.8,random unit (mixture of point masses),sigma = 1e-4,0.8999,0.8044105932256035,0.09548940677439655,110,Gaussian class (Theorem 2),96,0.13509504303600514
0.8,random unit (mixture of point masses),sigma = 1e-4,0.8999,0.8044105932256035,0.09548940677439655,110,no latent shape,105,0.969327979166549
0.8,random unit (mixture of point masses),sigma = 1e-4,0.8999,0.8044105932256035,0.09548940677439655,1000,usual,822,2.2716605042386142e-14
0.8,random unit (mixture of point masses),sigma = 1e-4,0.8999,0.8044105932256035,0.09548940677439655,1000,Gaussian class (Theorem 2),826,3.2935473309572723e-13
0.8,random unit (mixture of point masses),sigma = 1e-4,0.8999,0.8044105932256035,0.09548940677439655,1000,no latent shape,916,0.9525246309638318
0.8,random unit (mixture of point masses),sigma = 1e-4,0.8999,0.8044105932256035,0.09548940677439655,10000,usual,8067,3.4122870589318716e-172
0.8,random unit (mixture of point masses),sigma = 1e-4,0.8999,0.8044105932256035,0.09548940677439655,10000,Gaussian class (Theorem 2),8110,4.2817511602261014e-158
0.8,random unit (mixture of point masses),sigma = 1e-4,0.8999,0.8044105932256035,0.09548940677439655,10000,no latent shape,9050,0.9545770162161812
0.8,random unit (mixture of point masses),sigma = 1e-4,0.8999,0.8044105932256035,0.09548940677439655,100000,usual,80209,0.0
0.8,random unit (mixture of point masses),sigma = 1e-4,0.8999,0.8044105932256035,0.09548940677439655,100000,Gaussian class (Theorem 2),80648,0.0
0.8,random unit (mixture of point masses),sigma = 1e-4,0.8999,0.8044105932256035,0.09548940677439655,100000,no latent shape,90157,0.9605606043762833
0.8,random unit (mixture of point masses),sigma = 1e-4,0.8999,0.8044105932256035,0.09548940677439655,1000000,usual,800659,0.0
0.8,random unit (mixture of point masses),sigma = 1e-4,0.8999,0.8044105932256035,0.09548940677439655,1000000,Gaussian class (Theorem 2),805064,0.0
0.8,random unit (mixture of point masses),sigma = 1e-4,0.8999,0.8044105932256035,0.09548940677439655,1000000,no latent shape,900494,0.9760779910860797
0.9,homogeneous extremal,adversarial sigma,0.9008034694464881,0.9008034694464981,-9.992007221626409e-15,110,usual,105,0.9672572375061894
0.9,homogeneous extremal,adversarial sigma,0.9008034694464881,0.9008034694464981,-9.992007221626409e-15,110,Gaussian class (Theorem 2),105,0.9672572375061894
0.9,homogeneous extremal,adversarial sigma,0.9008034694464881,0.9008034694464981,-9.992007221626409e-15,110,no latent shape,109,0.9998660278833329
0.9,homogeneous extremal,adversarial sigma,0.9008034694464881,0.9008034694464981,-9.992007221626409e-15,1000,usual,916,0.9425611308423684
0.9,homogeneous extremal,adversarial sigma,0.9008034694464881,0.9008034694464981,-9.992007221626409e-15,1000,Gaussian class (Theorem 2),917,0.9542697355611565
0.9,homogeneous extremal,adversarial sigma,0.9008034694464881,0.9008034694464981,-9.992007221626409e-15,1000,no latent shape,962,0.9999999999997587
0.9,homogeneous extremal,adversarial sigma,0.9008034694464881,0.9008034694464981,-9.992007221626409e-15,10000,usual,9050,0.9179469000475571
0.9,homogeneous extremal,adversarial sigma,0.9008034694464881,0.9008034694464981,-9.992007221626409e-15,10000,Gaussian class (Theorem 2),9058,0.9518198817230765
0.9,homogeneous extremal,adversarial sigma,0.9008034694464881,0.9008034694464981,-9.992007221626409e-15,10000,no latent shape,9537,1.0
0.9,homogeneous extremal,adversarial sigma,0.9008034694464881,0.9008034694464981,-9.992007221626409e-15,100000,usual,90157,0.7896228279661306
0.9,homogeneous extremal,adversarial sigma,0.9008034694464881,0.9008034694464981,-9.992007221626409e-15,100000,Gaussian class (Theorem 2),90237,0.9509746703977079
0.9,homogeneous extremal,adversarial sigma,0.9008034694464881,0.9008034694464981,-9.992007221626409e-15,100000,no latent shape,95114,1.0
0.9,homogeneous extremal,adversarial sigma,0.9008034694464881,0.9008034694464981,-9.992007221626409e-15,1000000,usual,900494,0.14988855616974864
0.9,homogeneous extremal,adversarial sigma,0.9008034694464881,0.9008034694464981,-9.992007221626409e-15,1000000,Gaussian class (Theorem 2),901296,0.9501965335121513
0.9,homogeneous extremal,adversarial sigma,0.9008034694464881,0.9008034694464981,-9.992007221626409e-15,1000000,no latent shape,950359,1.0
0.9,"heterogeneous, condition holds",adversarial sigma,0.8869502820625197,0.9008034694464981,-0.01385318738397845,110,usual,105,0.9884833554654823
0.9,"heterogeneous, condition holds",adversarial sigma,0.8869502820625197,0.9008034694464981,-0.01385318738397845,110,Gaussian class (Theorem 2),105,0.9884833554654823
0.9,"heterogeneous, condition holds",adversarial sigma,0.8869502820625197,0.9008034694464981,-0.01385318738397845,110,no latent shape,109,0.9999721000002818
0.9,"heterogeneous, condition holds",adversarial sigma,0.8869502820625197,0.9008034694464981,-0.01385318738397845,1000,usual,916,0.9984397708930492
0.9,"heterogeneous, condition holds",adversarial sigma,0.8869502820625197,0.9008034694464981,-0.01385318738397845,1000,Gaussian class (Theorem 2),917,0.9989097171142179
0.9,"heterogeneous, condition holds",adversarial sigma,0.8869502820625197,0.9008034694464981,-0.01385318738397845,1000,no latent shape,962,1.0
0.9,"heterogeneous, condition holds",adversarial sigma,0.8869502820625197,0.9008034694464981,-0.01385318738397845,10000,usual,9050,0.9999999970890523
0.9,"heterogeneous, condition holds",adversarial sigma,0.8869502820625197,0.9008034694464981,-0.01385318738397845,10000,Gaussian class (Theorem 2),9058,0.99999999942778
0.9,"heterogeneous, condition holds",adversarial sigma,0.8869502820625197,0.9008034694464981,-0.01385318738397845,10000,no latent shape,9537,1.0
0.9,"heterogeneous, condition holds",adversarial sigma,0.8869502820625197,0.9008034694464981,-0.01385318738397845,100000,usual,90157,1.0
0.9,"heterogeneous, condition holds",adversarial sigma,0.8869502820625197,0.9008034694464981,-0.01385318738397845,100000,Gaussian class (Theorem 2),90237,1.0
0.9,"heterogeneous, condition holds",adversarial sigma,0.8869502820625197,0.9008034694464981,-0.01385318738397845,100000,no latent shape,95114,1.0
0.9,"heterogeneous, condition holds",adversarial sigma,0.8869502820625197,0.9008034694464981,-0.01385318738397845,1000000,usual,900494,1.0
0.9,"heterogeneous, condition holds",adversarial sigma,0.8869502820625197,0.9008034694464981,-0.01385318738397845,1000000,Gaussian class (Theorem 2),901296,1.0
0.9,"heterogeneous, condition holds",adversarial sigma,0.8869502820625197,0.9008034694464981,-0.01385318738397845,1000000,no latent shape,950359,1.0
0.9,10% easier units (tau = -0.02),adversarial sigma,0.8901348837323887,0.9008034694464981,-0.010668585714109446,110,usual,105,0.9852404386805687
0.9,10% easier units (tau = -0.02),adversarial sigma,0.8901348837323887,0.9008034694464981,-0.010668585714109446,110,Gaussian class (Theorem 2),105,0.9852404386805687
0.9,10% easier units (tau = -0.02),adversarial sigma,0.8901348837323887,0.9008034694464981,-0.010668585714109446,110,no latent shape,109,0.9999598392490733
0.9,10% easier units (tau = -0.02),adversarial sigma,0.8901348837323887,0.9008034694464981,-0.010668585714109446,1000,usual,916,0.9959464049386583
0.9,10% easier units (tau = -0.02),adversarial sigma,0.8901348837323887,0.9008034694464981,-0.010668585714109446,1000,Gaussian class (Theorem 2),917,0.9970825441449652
0.9,10% easier units (tau = -0.02),adversarial sigma,0.8901348837323887,0.9008034694464981,-0.010668585714109446,1000,no latent shape,962,0.9999999999999999
0.9,10% easier units (tau = -0.02),adversarial sigma,0.8901348837323887,0.9008034694464981,-0.010668585714109446,10000,usual,9050,0.9999993256957732
0.9,10% easier units (tau = -0.02),adversarial sigma,0.8901348837323887,0.9008034694464981,-0.010668585714109446,10000,Gaussian class (Theorem 2),9058,0.9999998298687612
0.9,10% easier units (tau = -0.02),adversarial sigma,0.8901348837323887,0.9008034694464981,-0.010668585714109446,10000,no latent shape,9537,1.0
0.9,10% easier units (tau = -0.02),adversarial sigma,0.8901348837323887,0.9008034694464981,-0.010668585714109446,100000,usual,90157,1.0
0.9,10% easier units (tau = -0.02),adversarial sigma,0.8901348837323887,0.9008034694464981,-0.010668585714109446,100000,Gaussian class (Theorem 2),90237,1.0
0.9,10% easier units (tau = -0.02),adversarial sigma,0.8901348837323887,0.9008034694464981,-0.010668585714109446,100000,no latent shape,95114,1.0
0.9,10% easier units (tau = -0.02),adversarial sigma,0.8901348837323887,0.9008034694464981,-0.010668585714109446,1000000,usual,900494,1.0
0.9,10% easier units (tau = -0.02),adversarial sigma,0.8901348837323887,0.9008034694464981,-0.010668585714109446,1000000,Gaussian class (Theorem 2),901296,1.0
0.9,10% easier units (tau = -0.02),adversarial sigma,0.8901348837323887,0.9008034694464981,-0.010668585714109446,1000000,no latent shape,950359,1.0
0.9,random unit (mixture of point masses),sigma = 1e-4,0.9499500000000001,0.9008034694464981,0.04914653055350193,110,usual,105,0.47423948620594747
0.9,random unit (mixture of point masses),sigma = 1e-4,0.9499500000000001,0.9008034694464981,0.04914653055350193,110,Gaussian class (Theorem 2),105,0.47423948620594747
0.9,random unit (mixture of point masses),sigma = 1e-4,0.9499500000000001,0.9008034694464981,0.04914653055350193,110,no latent shape,109,0.976049865662365
0.9,random unit (mixture of point masses),sigma = 1e-4,0.9499500000000001,0.9008034694464981,0.04914653055350193,1000,usual,916,2.2322022298634378e-06
0.9,random unit (mixture of point masses),sigma = 1e-4,0.9499500000000001,0.9008034694464981,0.04914653055350193,1000,Gaussian class (Theorem 2),917,3.992158240797416e-06
0.9,random unit (mixture of point masses),sigma = 1e-4,0.9499500000000001,0.9008034694464981,0.04914653055350193,1000,no latent shape,962,0.9572899837105587
0.9,random unit (mixture of point masses),sigma = 1e-4,0.9499500000000001,0.9008034694464981,0.04914653055350193,10000,usual,9050,1.793303294941969e-76
0.9,random unit (mixture of point masses),sigma = 1e-4,0.9499500000000001,0.9008034694464981,0.04914653055350193,10000,Gaussian class (Theorem 2),9058,4.387283491527828e-74
0.9,random unit (mixture of point masses),sigma = 1e-4,0.9499500000000001,0.9008034694464981,0.04914653055350193,10000,no latent shape,9537,0.9563990357057527
0.9,random unit (mixture of point masses),sigma = 1e-4,0.9499500000000001,0.9008034694464981,0.04914653055350193,100000,usual,90157,0.0
0.9,random unit (mixture of point masses),sigma = 1e-4,0.9499500000000001,0.9008034694464981,0.04914653055350193,100000,Gaussian class (Theorem 2),90237,0.0
0.9,random unit (mixture of point masses),sigma = 1e-4,0.9499500000000001,0.9008034694464981,0.04914653055350193,100000,no latent shape,95114,0.9575439268128848
0.9,random unit (mixture of point masses),sigma = 1e-4,0.9499500000000001,0.9008034694464981,0.04914653055350193,1000000,usual,900494,0.0
0.9,random unit (mixture of point masses),sigma = 1e-4,0.9499500000000001,0.9008034694464981,0.04914653055350193,1000000,Gaussian class (Theorem 2),901296,0.0
0.9,random unit (mixture of point masses),sigma = 1e-4,0.9499500000000001,0.9008034694464981,0.04914653055350193,1000000,no latent shape,950359,0.9696155389517643
