noise_class,q,mixture,hetero_scales,c0,H,excess,class_level,usual K=110,class rank K=110,usual K=1000,class rank K=1000,usual K=10000,class rank K=10000,usual K=100000,class rank K=100000,usual K=1000000,class rank K=1000000
symmetric_unimodal,0.8,uniform 1.00 + rest Gaussian/Laplace/t3,False,0.15141563205299208,0.8077245237682901,0.007724523768290026,0.8077245237682901,0.9512632809502701,0.9512632809502701,0.8659365989811676,0.9537836502395889,0.39163255074093273,0.9515896272012534,3.2489288959942174e-06,0.950197833741837,1.4963015571310782e-71,0.9502441000432634
symmetric_unimodal,0.8,uniform 1.00 + rest Gaussian/Laplace/t3,True,0.08673586493163181,0.8018874938669814,0.0018874938669813934,0.8077245237682901,0.9644701843194053,0.9644701843194053,0.9415720395409851,0.9838691440969849,0.8841478254300313,0.9991083235586737,0.5619521985771214,0.9999999998401825,0.0010304608774629673,1.0
symmetric_unimodal,0.8,uniform 0.50 + rest Gaussian/Laplace/t3,False,0.14637169255137106,0.8051584763746876,0.005158476374687582,0.8077245237682901,0.9575100137899429,0.9575100137899429,0.9050329795327096,0.970290670592056,0.6459332767678414,0.9894619717403094,0.007146637637181729,0.9998905561210794,4.725336097218093e-30,0.9999999999999998
symmetric_unimodal,0.8,uniform 0.50 + rest Gaussian/Laplace/t3,True,0.080571287634757,0.801406545590908,0.001406545590907915,0.8077245237682901,0.965405719875445,0.965405719875445,0.94583742601002,0.9853203336550003,0.9059483468510272,0.999410177099282,0.7044429773146091,0.9999999999870662,0.03043456207011184,1.0
symmetric_unimodal,0.8,uniform 0.25 + rest Gaussian/Laplace/t3,False,0.14099176597319932,0.8039242524846202,0.003924252484620139,0.8077245237682901,0.9602624237203079,0.9602624237203079,0.9204527055121843,0.9762577094927745,0.7533876843103459,0.995550164236743,0.07159321186764779,0.9999985446726725,1.1184199185443037e-16,1.0
symmetric_unimodal,0.8,uniform 0.25 + rest Gaussian/Laplace/t3,True,0.07724437528450888,0.8011786702295443,0.0011786702295442097,0.8077245237682901,0.9658414957935841,0.9658414957935841,0.947768758314388,0.9859671909570131,0.9151433832127354,0.9995172446748429,0.7635359790566317,0.9999999999962548,0.09626359084471209,1.0
symmetric_unimodal,0.9,uniform 1.00 + rest Gaussian/Laplace/t3,False,0.06542804841945649,0.9017873124108068,0.0017873124108067628,0.9017873124108069,0.9648595125646579,0.9648595125646579,0.9298382995133538,0.9552015034199284,0.856187639675039,0.9531117404088577,0.4061076192375892,0.9502208571151035,7.141994904925185e-06,0.950313164653012
symmetric_unimodal,0.9,uniform 1.00 + rest Gaussian/Laplace/t3,True,0.02482531439491964,0.900224075827112,0.00022407582711192475,0.9017873124108069,0.9685992251918057,0.9685992251918057,0.9491291166843693,0.9684766530755696,0.9433671774212286,0.9859070458571568,0.9216548514554924,0.999510392842615,0.815644726535051,0.9999999999968393
symmetric_unimodal,0.9,uniform 0.50 + rest Gaussian/Laplace/t3,False,0.061567244855962495,0.9008280565851362,0.0008280565851361832,0.9017873124108069,0.9671991605873042,0.9671991605873042,0.9422677846142299,0.9638086602487264,0.9167010744493826,0.9769666754869671,0.7820485969872984,0.9961042441069897,0.1315258465632129,0.9999994116087506
symmetric_unimodal,0.9,uniform 0.50 + rest Gaussian/Laplace/t3,True,0.021514515789203017,0.9001366962564035,0.00013669625640344574,0.9017873124108069,0.9687972425440062,0.9687972425440062,0.9500637727240205,0.9691075710168383,0.9465871672331341,0.9869106698309296,0.9342587595913189,0.9996482054510273,0.8830269074321752,0.9999999999996048
symmetric_unimodal,0.9,uniform 0.25 + rest Gaussian/Laplace/t3,False,0.04907167637104286,0.9005141866786234,0.0005141866786233518,0.9017873124108069,0.9679336121571457,0.9679336121571457,0.9459221060305963,0.9663026550333361,0.9315564678296006,0.9820808249404684,0.8666144211386758,0.9986118830465232,0.47227284909063905,0.9999999982511542
symmetric_unimodal,0.9,uniform 0.25 + rest Gaussian/Laplace/t3,True,0.019147080590343823,0.900105654576177,0.00010565457617695007,0.9017873124108069,0.9688673162054268,0.9688673162054268,0.9503923811047906,0.9693290979139823,0.947695124382969,0.9872519088734795,0.9383354979124903,0.9996877654741848,0.9021199353049044,0.9999999999998148
mean_zero_log_concave,0.9,centred exp 1.00 + rest Gaussian/uniform/Laplace/-centred exp,False,0.1177686811601322,0.9051755359079566,0.005175535907956608,0.906,0.9553477523781064,0.9553477523781064,0.8683153126811395,0.9637402954919757,0.4674971202292722,0.9744087527312593,5.292096871161658e-05,0.9945199801443833,5.421051353255593e-57,0.9999959582730966
mean_zero_log_concave,0.9,centred exp 1.00 + rest Gaussian/uniform/Laplace/-centred exp,True,0.06226580507459342,0.9011265282695475,0.001126528269547511,0.906,0.9664866957176051,0.9664866957176051,0.9386085162364101,0.9866606529804964,0.9004093471823916,0.99952108335279,0.6784658493222357,0.9999999999961547,0.017037106465721888,1.0
mean_zero_log_concave,0.9,centred exp 0.50 + rest Gaussian/uniform/Laplace/-centred exp,False,0.06262256271754167,0.9007459815030497,0.0007459815030497197,0.906,0.967392666961516,0.967392666961516,0.9432422727556975,0.987938810854758,0.9208042643229547,0.9996960555741571,0.8067135642204312,0.9999999999997805,0.19918379664936112,1.0
mean_zero_log_concave,0.9,centred exp 0.50 + rest Gaussian/uniform/Laplace/-centred exp,True,0.02784907539975285,0.9001975649091941,0.0001975649091940923,0.906,0.9686594232524277,0.9686594232524277,0.9494142017311974,0.9895893273291977,0.9443600650761037,0.9998459261767848,0.925659479131004,0.9999999999999972,0.838253893102836,1.0
mean_zero_log_concave,0.9,centred exp 0.25 + rest Gaussian/uniform/Laplace/-centred exp,False,0.04594579786358689,0.9004582217093899,0.0004582217093899166,0.906,0.9680629984258035,0.9680629984258035,0.9465533500187912,0.9888318051043793,0.9339734204360297,0.9997864438311364,0.8789098033270734,0.9999999999999772,0.5467264589709481,1.0
mean_zero_log_concave,0.9,centred exp 0.25 + rest Gaussian/uniform/Laplace/-centred exp,True,0.019781756655299337,0.9001126798018282,0.00011267980182816384,0.906,0.9688514698896487,0.9688514698896487,0.9503181684896983,0.9898259239001004,0.9474460051377814,0.9998616579571759,0.9374306611234906,0.9999999999999987,0.8980129621200021,1.0
mean_zero_log_concave,0.9,centred exp both signs 0.5/0.5,False,0.030891575376201463,0.9002361338362204,0.00023613383622034245,0.906,0.9685718106381042,0.9685718106381042,0.9489990137632442,0.9894802114539316,0.9429109343346519,0.9998382351815637,0.9197799665495605,0.9999999999999962,0.8047393901022546,1.0
mean_zero_log_concave,0.9,centred exp both signs 0.5/0.5,True,0.015291762777932021,0.9000649680532633,6.496805326328126e-05,0.906,0.9689589467267506,0.9689589467267506,0.9508203851889172,0.9899567887407633,0.9491193076560746,0.9998698231665979,0.9433757329455124,0.9999999999999991,0.9235434188329052,1.0
