q,K,rule,rank,reliability
0.8,30,marginal,25,0.5484911944748547
0.8,30,usual,28,0.9503452454443724
0.8,30,gaussian_certified,28,0.9503452454443724
0.8,30,gaussian_biometrika,29,0.9878907364504699
0.8,30,symmetric_unimodal,29,0.9878907364504699
0.8,35,marginal,29,0.5411880218623502
0.8,35,usual,33,0.9780264924968478
0.8,35,gaussian_certified,33,0.9780264924968478
0.8,35,gaussian_biometrika,33,0.9780264924968478
0.8,35,symmetric_unimodal,33,0.9780264924968478
0.8,40,marginal,33,0.535050194384674
0.8,40,usual,37,0.9670644565258448
0.8,40,gaussian_certified,37,0.9670644565258448
0.8,40,gaussian_biometrika,37,0.9670644565258448
0.8,40,symmetric_unimodal,37,0.9670644565258448
0.8,46,marginal,38,0.558490625558021
0.8,46,usual,42,0.9613225492702334
0.8,46,gaussian_certified,42,0.9613225492702334
0.8,46,gaussian_biometrika,42,0.9613225492702334
0.8,46,symmetric_unimodal,42,0.9613225492702334
0.8,53,marginal,44,0.6051591612689929
0.8,53,usual,48,0.9619146718103337
0.8,53,gaussian_certified,48,0.9619146718103337
0.8,53,gaussian_biometrika,48,0.9619146718103337
0.8,53,symmetric_unimodal,48,0.9619146718103337
0.8,61,marginal,50,0.5423078172572967
0.8,61,usual,55,0.9674330434563221
0.8,61,gaussian_certified,55,0.9674330434563221
0.8,61,gaussian_biometrika,55,0.9674330434563221
0.8,61,symmetric_unimodal,55,0.9674330434563221
0.8,71,marginal,58,0.5339612394234027
0.8,71,usual,63,0.9529637438347339
0.8,71,gaussian_certified,63,0.9529637438347339
0.8,71,gaussian_biometrika,63,0.9529637438347339
0.8,71,symmetric_unimodal,64,0.9782432616647911
0.8,82,marginal,67,0.5484452399579574
0.8,82,usual,72,0.9441773351170146
0.8,82,gaussian_certified,73,0.9716007300386463
0.8,82,gaussian_biometrika,73,0.9716007300386463
0.8,82,symmetric_unimodal,73,0.9716007300386463
0.8,94,marginal,76,0.47754584606014183
0.8,94,usual,82,0.9422738291704298
0.8,94,gaussian_certified,83,0.968840324292249
0.8,94,gaussian_biometrika,83,0.968840324292249
0.8,94,symmetric_unimodal,83,0.968840324292249
0.8,109,marginal,88,0.47281113806879976
0.8,109,usual,95,0.955255839734887
0.8,109,gaussian_certified,95,0.955255839734887
0.8,109,gaussian_biometrika,95,0.955255839734887
0.8,109,symmetric_unimodal,96,0.9754042605504729
0.8,110,marginal,89,0.49162681138859815
0.8,110,usual,96,0.9591966574096487
0.8,110,gaussian_certified,96,0.9591966574096487
0.8,110,gaussian_biometrika,96,0.9591966574096487
0.8,110,symmetric_unimodal,96,0.9591966574096487
0.8,125,marginal,101,0.486211610796028
0.8,125,usual,108,0.9459612696409898
0.8,125,gaussian_certified,109,0.9681473124506831
0.8,125,gaussian_biometrika,109,0.9681473124506831
0.8,125,symmetric_unimodal,109,0.9681473124506831
0.8,144,marginal,116,0.46348703523577345
0.8,144,usual,124,0.9505994665591319
0.8,144,gaussian_certified,124,0.9505994665591319
0.8,144,gaussian_biometrika,125,0.9699403793316375
0.8,144,symmetric_unimodal,125,0.9699403793316375
0.8,167,marginal,135,0.5047843764532438
0.8,167,usual,143,0.9482623908999812
0.8,167,gaussian_certified,144,0.9670593911085222
0.8,167,gaussian_biometrika,144,0.9670593911085222
0.8,167,symmetric_unimodal,144,0.9670593911085222
0.8,192,marginal,155,0.49646369752756925
0.8,192,usual,164,0.9539016933799838
0.8,192,gaussian_certified,164,0.9539016933799838
0.8,192,gaussian_biometrika,164,0.9539016933799838
0.8,192,symmetric_unimodal,165,0.9699445003679104
0.8,222,marginal,179,0.4877918844569765
0.8,222,usual,188,0.9375511459434681
0.8,222,gaussian_certified,189,0.9567882554253622
0.8,222,gaussian_biometrika,189,0.9567882554253622
0.8,222,symmetric_unimodal,190,0.9710210237846746
0.8,256,marginal,206,0.4667128098264447
0.8,256,usual,216,0.937131596289771
0.8,256,gaussian_certified,217,0.9552398830142981
0.8,256,gaussian_biometrika,217,0.9552398830142981
0.8,256,symmetric_unimodal,218,0.968967971557252
0.8,295,marginal,237,0.44738992102579017
0.8,295,usual,248,0.9354632038128523
0.8,295,gaussian_certified,249,0.952775385348521
0.8,295,gaussian_biometrika,249,0.952775385348521
0.8,295,symmetric_unimodal,250,0.966214874466894
0.8,340,marginal,273,0.44028106214610274
0.8,340,usual,285,0.9361857380285672
0.8,340,gaussian_certified,286,0.9522413444236981
0.8,340,gaussian_biometrika,287,0.964939943767303
0.8,340,symmetric_unimodal,287,0.964939943767303
0.8,393,marginal,316,0.4628087151456025
0.8,393,usual,328,0.9279971160091598
0.8,393,gaussian_certified,330,0.9579107815664687
0.8,393,gaussian_biometrika,330,0.9579107815664687
0.8,393,symmetric_unimodal,331,0.9686069471380251
0.8,453,marginal,364,0.4529398820826198
0.8,453,usual,377,0.9261062414838134
0.8,453,gaussian_certified,379,0.9548760347656878
0.8,453,gaussian_biometrika,379,0.9548760347656878
0.8,453,symmetric_unimodal,381,0.9739622914675851
0.8,523,marginal,420,0.44275128035899664
0.8,523,usual,434,0.9225403741419289
0.8,523,gaussian_certified,436,0.9506389168625256
0.8,523,gaussian_biometrika,437,0.9612971071187775
0.8,523,symmetric_unimodal,438,0.970023881253809
0.8,603,marginal,484,0.43240951233479047
0.8,603,usual,499,0.9177474645080412
0.8,603,gaussian_certified,502,0.9562580599085302
0.8,603,gaussian_biometrika,502,0.9562580599085302
0.8,603,symmetric_unimodal,504,0.9727390315560864
0.8,696,marginal,558,0.4068619304488545
0.8,696,usual,575,0.9204422837348647
0.8,696,gaussian_certified,578,0.9558128656851989
0.8,696,gaussian_biometrika,578,0.9558128656851989
0.8,696,symmetric_unimodal,580,0.9714425255339701
0.8,802,marginal,643,0.40389294382359453
0.8,802,usual,661,0.9155973459415904
0.8,802,gaussian_certified,664,0.9506220331683184
0.8,802,gaussian_biometrika,665,0.9593222269914858
0.8,802,symmetric_unimodal,667,0.9730296046776507
0.8,926,marginal,742,0.38663936066152005
0.8,926,usual,762,0.9169137322356486
0.8,926,gaussian_certified,766,0.9577560961055642
0.8,926,gaussian_biometrika,766,0.9577560961055642
0.8,926,symmetric_unimodal,768,0.9710425952737891
0.8,1000,marginal,801,0.37484882691082233
0.8,1000,usual,822,0.91462530141082
0.8,1000,gaussian_certified,826,0.9551599440761156
0.8,1000,gaussian_biometrika,826,0.9551599440761156
0.8,1000,symmetric_unimodal,829,0.97404126548242
0.8,1068,marginal,856,0.387545510717292
0.8,1068,usual,877,0.9111935753277208
0.8,1068,gaussian_certified,881,0.9519850791027662
0.8,1068,gaussian_biometrika,882,0.9593986962968646
0.8,1068,symmetric_unimodal,885,0.976283902710857
0.8,1232,marginal,987,0.3698930027768228
0.8,1232,usual,1010,0.9086036751752335
0.8,1232,gaussian_certified,1015,0.9554062269293845
0.8,1232,gaussian_biometrika,1015,0.9554062269293845
0.8,1232,symmetric_unimodal,1019,0.9769924133969518
0.8,1421,marginal,1138,0.35265362751749024
0.8,1421,usual,1162,0.8918604966469555
0.8,1421,gaussian_certified,1168,0.950115995345103
0.8,1421,gaussian_biometrika,1169,0.956778631816643
0.8,1421,symmetric_unimodal,1173,0.9766562038187027
0.8,1639,marginal,1312,0.3311990340913261
0.8,1639,usual,1339,0.8950097623111337
0.8,1639,gaussian_certified,1346,0.9552485354281355
0.8,1639,gaussian_biometrika,1347,0.9609427178360491
0.8,1639,symmetric_unimodal,1351,0.9781584304884746
0.8,1891,marginal,1514,0.32719809256490223
0.8,1891,usual,1542,0.8815535208869425
0.8,1891,gaussian_certified,1550,0.9510015294005916
0.8,1891,gaussian_biometrika,1551,0.9567192935098375
0.8,1891,symmetric_unimodal,1556,0.9778049133008829
0.8,2182,marginal,1747,0.31736389924370606
0.8,2182,usual,1777,0.8749552996781373
0.8,2182,gaussian_certified,1787,0.9553006814865231
0.8,2182,gaussian_biometrika,1788,0.9602518717212737
0.8,2182,symmetric_unimodal,1794,0.9814470615470337
0.8,2517,marginal,2015,0.3027946288596855
0.8,2517,usual,2047,0.8635672968359076
0.8,2517,gaussian_certified,2058,0.9512679339580474
0.8,2517,gaussian_biometrika,2060,0.9607622253607864
0.8,2517,symmetric_unimodal,2066,0.9806456078259977
0.8,2903,marginal,2324,0.2908326104238452
0.8,2903,usual,2359,0.8623636036808224
0.8,2903,gaussian_certified,2371,0.9515486528371903
0.8,2903,gaussian_biometrika,2373,0.9603889390219708
0.8,2903,symmetric_unimodal,2381,0.9836918000302435
0.8,3349,marginal,2680,0.2633414965337382
0.8,3349,usual,2718,0.8473842614674043
0.8,3349,gaussian_certified,2733,0.9541793227743333
0.8,3349,gaussian_biometrika,2734,0.9582784569363573
0.8,3349,symmetric_unimodal,2743,0.9834180992549238
0.8,3864,marginal,3092,0.24785803313330768
0.8,3864,usual,3133,0.8373709397685778
0.8,3864,gaussian_certified,3150,0.9536131081472645
0.8,3864,gaussian_biometrika,3152,0.9610706125031807
0.8,3864,symmetric_unimodal,3162,0.9852093455804443
0.8,4457,marginal,3567,0.2387697063669365
0.8,4457,usual,3610,0.8198628480674018
0.8,4457,gaussian_certified,3630,0.9533054246458913
0.8,4457,gaussian_biometrika,3632,0.9603134453454286
0.8,4457,symmetric_unimodal,3644,0.9866074396017798
0.8,5142,marginal,4115,0.22148483540525718
0.8,5142,usual,4162,0.8121782496409206
0.8,5142,gaussian_certified,4184,0.9522051010508206
0.8,5142,gaussian_biometrika,4187,0.9619209813912798
0.8,5142,symmetric_unimodal,4201,0.9884865432313363
0.8,5931,marginal,4746,0.2020139959426864
0.8,5931,usual,4796,0.7887778377543058
0.8,5931,gaussian_certified,4822,0.9515849999197289
0.8,5931,gaussian_biometrika,4825,0.9607768861132194
0.8,5931,symmetric_unimodal,4841,0.9890131540584682
0.8,6842,marginal,5475,0.18593638270423601
0.8,6842,usual,5529,0.7740283749292985
0.8,6842,gaussian_certified,5559,0.9528878967446355
0.8,6842,gaussian_biometrika,5563,0.9638147638063022
0.8,6842,symmetric_unimodal,5581,0.9906800152738506
0.8,7893,marginal,6316,0.16930279504790094
0.8,7893,usual,6374,0.75417418026561
0.8,7893,gaussian_certified,6408,0.9514551678181175
0.8,7893,gaussian_biometrika,6413,0.9642636644233807
0.8,7893,symmetric_unimodal,6434,0.9919316875158423
0.8,9106,marginal,7286,0.1486201728920328
0.8,9106,usual,7348,0.723638706309816
0.8,9106,gaussian_certified,7388,0.9512336174543968
0.8,9106,gaussian_biometrika,7393,0.9632954741782618
0.8,9106,symmetric_unimodal,7418,0.9930239471147734
0.8,10000,marginal,8001,0.13592157286337
0.8,10000,usual,8067,0.7132239310306335
0.8,10000,gaussian_certified,8110,0.9508474197430743
0.8,10000,gaussian_biometrika,8116,0.9645219324722847
0.8,10000,symmetric_unimodal,8143,0.9936868001725051
0.8,10504,marginal,8404,0.12890936484127696
0.8,10504,usual,8471,0.6963828026867634
0.8,10504,gaussian_certified,8517,0.950708241866237
0.8,10504,gaussian_biometrika,8523,0.964120915888298
0.8,10504,symmetric_unimodal,8552,0.9941639306452906
0.8,12118,marginal,9696,0.11548442324541382
0.8,12118,usual,9768,0.6730037191746214
0.8,12118,gaussian_certified,9820,0.950013779086115
0.8,12118,gaussian_biometrika,9828,0.9663533853803534
0.8,12118,symmetric_unimodal,9860,0.9949187402845378
0.8,13979,marginal,11184,0.0956438626538156
0.8,13979,usual,11262,0.6379611211621811
0.8,13979,gaussian_certified,11323,0.9514872552406751
0.8,13979,gaussian_biometrika,11331,0.9664754219414877
0.8,13979,symmetric_unimodal,11369,0.9959713554999469
0.8,16126,marginal,12902,0.08131902579823724
0.8,16126,usual,12985,0.5978381282560116
0.8,16126,gaussian_certified,13056,0.9518230399640037
0.8,16126,gaussian_biometrika,13065,0.967317390963879
0.8,16126,symmetric_unimodal,13109,0.9967800063519717
0.8,18603,marginal,14884,0.06758824638771752
0.8,18603,usual,14973,0.5584167631818966
0.8,18603,gaussian_certified,15054,0.9504519526782947
0.8,18603,gaussian_biometrika,15065,0.968125599416818
0.8,18603,symmetric_unimodal,15115,0.9973346941568151
0.8,21461,marginal,17170,0.053249466175222825
0.8,21461,usual,17266,0.5133365132835035
0.8,21461,gaussian_certified,17360,0.9511310711170166
0.8,21461,gaussian_biometrika,17372,0.9688194854593984
0.8,21461,symmetric_unimodal,17430,0.997949417111703
0.8,24757,marginal,19807,0.04164265262537726
0.8,24757,usual,19910,0.46556489266875717
0.8,24757,gaussian_certified,20018,0.9503717550329543
0.8,24757,gaussian_biometrika,20033,0.9706352504609379
0.8,24757,symmetric_unimodal,20100,0.9985225442917882
0.8,28560,marginal,22849,0.030883715016406466
0.8,28560,usual,22960,0.41400540266583846
0.8,28560,gaussian_certified,23085,0.950688461625692
0.8,28560,gaussian_biometrika,23102,0.9717108358667067
0.8,28560,symmetric_unimodal,23179,0.9989081321631352
0.8,32946,marginal,26358,0.022515927301162614
0.8,32946,usual,26477,0.3605609550331771
0.8,32946,gaussian_certified,26621,0.9501991698526521
0.8,32946,gaussian_biometrika,26641,0.9729474012237024
0.8,32946,symmetric_unimodal,26730,0.9992409281592634
0.8,38007,marginal,30407,0.015721552462081664
0.8,38007,usual,30535,0.3078787940909216
0.8,38007,gaussian_certified,30701,0.9503279605397383
0.8,38007,gaussian_biometrika,30724,0.9742260491657336
0.8,38007,symmetric_unimodal,30826,0.999471900923374
0.8,43845,marginal,35077,0.010251597657717524
0.8,43845,usual,35215,0.25415374183759676
0.8,43845,gaussian_certified,35407,0.9508376634990156
0.8,43845,gaussian_biometrika,35433,0.9754355176005367
0.8,43845,symmetric_unimodal,35551,0.9996601696278767
0.8,50579,marginal,40464,0.006360254343899465
0.8,50579,usual,40612,0.20083120292724443
0.8,50579,gaussian_certified,40834,0.9507599398229879
0.8,50579,gaussian_biometrika,40863,0.9760757208991133
0.8,50579,symmetric_unimodal,41001,0.9997965219945554
0.8,58348,marginal,46680,0.0038148763730567665
0.8,58348,usual,46838,0.15259319879403102
0.8,58348,gaussian_certified,47094,0.9503513457257459
0.8,58348,gaussian_biometrika,47128,0.9774924221711369
0.8,58348,symmetric_unimodal,47287,0.9998806640090838
0.8,67310,marginal,53849,0.002033662639298098
0.8,67310,usual,54020,0.11163838125932808
0.8,67310,gaussian_certified,54315,0.950527974756371
0.8,67310,gaussian_biometrika,54354,0.9788399606468287
0.8,67310,symmetric_unimodal,54537,0.9999330126867042
0.8,77649,marginal,62120,0.0010075213193226412
0.8,77649,usual,62303,0.07505284051133569
0.8,77649,gaussian_certified,62644,0.9501777795589359
0.8,77649,gaussian_biometrika,62690,0.980499962681079
0.8,77649,symmetric_unimodal,62900,0.9999647806295374
0.8,89576,marginal,71662,0.0004605092218543576
0.8,89576,usual,71859,0.048340651434468584
0.8,89576,gaussian_certified,72252,0.950452100358026
0.8,89576,gaussian_biometrika,72305,0.9820093585579139
0.8,89576,symmetric_unimodal,72548,0.9999837447627814
0.8,100000,marginal,80001,0.0002298176450179216
0.8,100000,usual,80209,0.032006143184257714
0.8,100000,gaussian_certified,80648,0.950243188088917
0.8,100000,gaussian_biometrika,80707,0.9829560492655602
0.8,100000,symmetric_unimodal,80978,0.9999911020845043
0.8,103335,marginal,82669,0.0001845249187910077
0.8,103335,usual,82880,0.02783493638699413
0.8,103335,gaussian_certified,83334,0.9501410009552818
0.8,103335,gaussian_biometrika,83395,0.9832513784408053
0.8,103335,symmetric_unimodal,83675,0.9999926605169837
0.8,119207,marginal,95367,6.60373573613605e-05
0.8,119207,usual,95594,0.014916303960833632
0.8,119207,gaussian_certified,96117,0.950028020820873
0.8,119207,gaussian_biometrika,96187,0.9845248077188345
0.8,119207,symmetric_unimodal,96511,0.9999971253771294
0.8,137517,marginal,110015,2.0087260622085917e-05
0.8,137517,usual,110258,0.006911016467539024
0.8,137517,gaussian_certified,110863,0.9504180351114905
0.8,137517,gaussian_biometrika,110944,0.9861343574592664
0.8,137517,symmetric_unimodal,111317,0.9999989788320566
0.8,158639,marginal,126912,5.0474666190648985e-06
0.8,158639,usual,127174,0.0028521450700545003
0.8,158639,gaussian_certified,127872,0.9505982359238891
0.8,158639,gaussian_biometrika,127965,0.9874812755777695
0.8,158639,symmetric_unimodal,128396,0.9999996848990091
0.8,183006,marginal,146406,1.0689089554315686e-06
0.8,183006,usual,146687,0.0009953909899755111
0.8,183006,gaussian_certified,147492,0.9503649526391378
0.8,183006,gaussian_biometrika,147599,0.988710123081406
0.8,183006,symmetric_unimodal,148097,0.9999999146181147
0.8,211115,marginal,168893,1.766368531447442e-07
0.8,211115,usual,169195,0.00028734091592116093
0.8,211115,gaussian_certified,170124,0.9504260513639966
0.8,211115,gaussian_biometrika,170248,0.9901204893005573
0.8,211115,symmetric_unimodal,170821,0.9999999797585272
0.8,243542,marginal,194835,2.2760678164842972e-08
0.8,243542,usual,195159,6.654538852664344e-05
0.8,243542,gaussian_certified,196231,0.9504894916184907
0.8,243542,gaussian_biometrika,196374,0.9913831035558106
0.8,243542,symmetric_unimodal,197036,0.9999999962208265
0.8,280950,marginal,224761,2.109255230450951e-09
0.8,280950,usual,225110,1.2031038737528175e-05
0.8,280950,gaussian_certified,226346,0.9503403967933097
0.8,280950,gaussian_biometrika,226511,0.9925441104303514
0.8,280950,symmetric_unimodal,227275,0.9999999994119003
0.8,324104,marginal,259284,1.380306245997228e-10
0.8,324104,usual,259659,1.5879460610672633e-06
0.8,324104,gaussian_certified,261085,0.950250634131721
0.8,324104,gaussian_biometrika,261276,0.9936966924957836
0.8,324104,symmetric_unimodal,262157,0.9999999999281293
0.8,373886,marginal,299110,6.110822215436887e-12
0.8,373886,usual,299512,1.4621559326220124e-07
0.8,373886,gaussian_certified,301158,0.9503708770294707
0.8,373886,gaussian_biometrika,301378,0.9947230781954525
0.8,373886,symmetric_unimodal,302394,0.9999999999932252
0.8,431314,marginal,345052,1.652251673199011e-13
0.8,431314,usual,345484,8.944594405939547e-09
0.8,431314,gaussian_certified,347383,0.9502523223562592
0.8,431314,gaussian_biometrika,347637,0.9956545590486475
0.8,431314,symmetric_unimodal,348809,0.9999999999995343
0.8,497564,marginal,398052,2.6261026807247724e-15
0.8,497564,usual,398516,3.4001855572532987e-10
0.8,497564,gaussian_certified,400707,0.9502590058279325
0.8,497564,gaussian_biometrika,401000,0.99649354490684
0.8,497564,symmetric_unimodal,402353,0.9999999999999782
0.8,573989,marginal,459192,2.232400554096139e-17
0.8,573989,usual,459690,7.330789677175047e-12
0.8,573989,gaussian_certified,462218,0.9501857175698032
0.8,573989,gaussian_biometrika,462556,0.9972236156741735
0.8,573989,symmetric_unimodal,464117,0.9999999999999993
0.8,662153,marginal,529724,9.429483588158004e-20
0.8,662153,usual,530259,8.492336109626442e-14
0.8,662153,gaussian_certified,533175,0.9502806378610461
0.8,662153,gaussian_biometrika,533564,0.9978447110490137
0.8,662153,symmetric_unimodal,535366,1.0
0.8,763859,marginal,611088,1.6558465452513776e-22
0.8,763859,usual,611663,4.481214859073406e-16
0.8,763859,gaussian_certified,615027,0.9500530012895011
0.8,763859,gaussian_biometrika,615477,0.9983861459357016
0.8,763859,symmetric_unimodal,617555,1.0
0.8,881187,marginal,704951,1.1573711270876407e-25
0.8,881187,usual,705568,9.934762504656606e-19
0.8,881187,gaussian_certified,709449,0.9500173895951184
0.8,881187,gaussian_biometrika,709968,0.998819761047426
0.8,881187,symmetric_unimodal,712366,1.0
0.8,1000000,marginal,800001,7.236488007253975e-29
0.8,1000000,usual,800659,1.9191638768566865e-21
0.8,1000000,gaussian_certified,805064,0.9501670250732652
0.8,1000000,gaussian_biometrika,805653,0.9991354965863355
0.8,1000000,symmetric_unimodal,808374,1.0
0.8,1016536,marginal,813230,2.61202761174182e-29
0.8,1016536,usual,813893,7.955926495392509e-22
0.8,1016536,gaussian_certified,818371,0.9501384188450777
0.8,1016536,gaussian_biometrika,818969,0.9991647823469006
0.8,1016536,symmetric_unimodal,821735,1.0
0.8,1172675,marginal,938141,1.6420021704345034e-33
0.8,1172675,usual,938853,1.9334115698407794e-25
0.8,1172675,gaussian_certified,944020,0.9502292181853994
0.8,1172675,gaussian_biometrika,944710,0.99943369100227
0.8,1172675,symmetric_unimodal,947901,1.0
0.8,1352797,marginal,1082239,2.402742378724306e-38
0.8,1352797,usual,1083004,1.2190650300433617e-29
0.8,1352797,gaussian_certified,1088964,0.950131263925269
0.8,1352797,gaussian_biometrika,1089760,0.9996287959442813
0.8,1352797,symmetric_unimodal,1093442,1.0
0.8,1560585,marginal,1248469,6.275556327700621e-44
0.8,1560585,usual,1249291,1.5385114384875554e-34
0.8,1560585,gaussian_certified,1256167,0.9501083835572566
0.8,1560585,gaussian_biometrika,1257086,0.9997695502838609
0.8,1560585,symmetric_unimodal,1261333,1.0
0.8,1800289,marginal,1440232,2.3168360267856463e-50
0.8,1800289,usual,1441115,3.0692407938998385e-40
0.8,1800289,gaussian_certified,1449048,0.9501402174107614
0.8,1800289,gaussian_biometrika,1450108,0.9998636404814001
0.8,1800289,symmetric_unimodal,1455008,1.0
0.8,2076811,marginal,1661450,9.045050973831336e-58
0.8,2076811,usual,1662398,7.23856557508443e-47
0.8,2076811,gaussian_certified,1671550,0.9501204339917363
0.8,2076811,gaussian_biometrika,1672773,0.9999239486913876
0.8,2076811,symmetric_unimodal,1678426,1.0
0.8,2395807,marginal,1916647,2.5792826147475854e-66
0.8,2395807,usual,1917665,1.4339434153528777e-54
0.8,2395807,gaussian_certified,1928223,0.9500461692784203
0.8,2395807,gaussian_biometrika,1929634,0.9999602062592357
0.8,2395807,symmetric_unimodal,1936156,1.0
0.8,2763800,marginal,2211041,3.557741480215847e-76
0.8,2763800,usual,2212135,1.6236313218916935e-63
0.8,2763800,gaussian_certified,2224315,0.9500030330159037
0.8,2763800,gaussian_biometrika,2225943,0.9999807161600156
0.8,2763800,symmetric_unimodal,2233468,1.0
0.8,3188317,marginal,2550655,1.5539540245812906e-87
0.8,3188317,usual,2551829,6.5208003604886286e-74
0.8,3188317,gaussian_certified,2565882,0.9501049358143961
0.8,3188317,gaussian_biometrika,2567760,0.9999914487716544
0.8,3188317,symmetric_unimodal,2576440,1.0
0.8,3678039,marginal,2942432,1.1987846774750754e-100
0.8,3678039,usual,2943694,5.7674797215727396e-86
0.8,3678039,gaussian_certified,2959906,0.9501193759426122
0.8,3678039,gaussian_biometrika,2962072,0.9999965326920937
0.8,3678039,symmetric_unimodal,2972086,1.0
0.8,4242981,marginal,3394386,9.330570455435655e-116
0.8,4242981,usual,3395741,5.922217713849412e-100
0.8,4242981,gaussian_certified,3414444,0.9501119111213673
0.8,4242981,gaussian_biometrika,3416943,0.9999987426399856
0.8,4242981,symmetric_unimodal,3428496,1.0
0.8,4894698,marginal,3915760,3.5022334056480097e-133
0.8,4894698,usual,3917215,3.563455403940967e-116
0.8,4894698,gaussian_certified,3938791,0.9500354081671627
0.8,4894698,gaussian_biometrika,3941675,0.999999597402976
0.8,4894698,symmetric_unimodal,3955003,1.0
0.8,5646518,marginal,4517216,2.7630526623135255e-153
0.8,5646518,usual,4518779,5.629872809746804e-135
0.8,5646518,gaussian_certified,4543670,0.9500471803802664
0.8,5646518,gaussian_biometrika,4546996,0.9999998870490702
0.8,5646518,symmetric_unimodal,4562372,1.0
0.8,6513817,marginal,5211055,1.7904236717053822e-176
0.8,6513817,usual,5212734,9.131193443837947e-157
0.8,6513817,gaussian_certified,5241449,0.9500115792867534
0.8,6513817,gaussian_biometrika,5245287,0.9999999731876972
0.8,6513817,symmetric_unimodal,5263025,1.0
0.8,7514332,marginal,6011467,3.2384791400243416e-203
0.8,7514332,usual,6013270,5.168106708622273e-182
0.8,7514332,gaussian_certified,6046398,0.950088337059346
0.8,7514332,gaussian_biometrika,6050825,0.9999999946737521
0.8,7514332,symmetric_unimodal,6071288,1.0
0.8,8668525,marginal,6934821,4.5709086883715244e-234
0.8,8668525,usual,6936758,3.0130512668049082e-211
0.8,8668525,gaussian_certified,6974975,0.9500358581871142
0.8,8668525,gaussian_biometrika,6980082,0.9999999991340436
0.8,8668525,symmetric_unimodal,7003690,1.0
0.8,10000000,marginal,8000001,1.2062335728545087e-269
0.8,10000000,usual,8002081,4.221744359047283e-245
0.8,10000000,gaussian_certified,8046170,0.9500454509271071
0.8,10000000,gaussian_biometrika,8052062,0.9999999998892681
0.8,10000000,symmetric_unimodal,8079296,1.0
0.9,30,marginal,28,0.5829352986462664
0.9,30,usual,30,0.9564586885310091
0.9,30,gaussian_certified,30,0.9564586885310091
0.9,30,gaussian_biometrika,30,0.9564586885310091
0.9,30,symmetric_unimodal,30,0.9564586885310091
0.9,35,marginal,33,0.6882988661894888
0.9,35,usual,35,0.9741743205113899
0.9,35,gaussian_certified,35,0.9741743205113899
0.9,35,gaussian_biometrika,35,0.9741743205113899
0.9,35,symmetric_unimodal,35,0.9741743205113899
0.9,40,marginal,37,0.5702259825511704
0.9,40,usual,40,0.9846820020218403
0.9,40,gaussian_certified,40,0.9846820020218403
0.9,40,gaussian_biometrika,40,0.9846820020218403
0.9,40,symmetric_unimodal,40,0.9846820020218403
0.9,46,marginal,43,0.6817350623971925
0.9,46,usual,45,0.9503578548514946
0.9,46,gaussian_certified,45,0.9503578548514946
0.9,46,gaussian_biometrika,46,0.9918156855129218
0.9,46,symmetric_unimodal,46,0.9918156855129218
0.9,53,marginal,49,0.6144101796946024
0.9,53,usual,52,0.9730711516206483
0.9,53,gaussian_certified,52,0.9730711516206483
0.9,53,gaussian_biometrika,52,0.9730711516206483
0.9,53,symmetric_unimodal,52,0.9730711516206483
0.9,61,marginal,56,0.5712728159136571
0.9,61,usual,59,0.9489224113184148
0.9,61,gaussian_certified,60,0.9868204746196705
0.9,61,gaussian_biometrika,60,0.9868204746196705
0.9,61,symmetric_unimodal,60,0.9868204746196705
0.9,71,marginal,65,0.5647915410401776
0.9,71,usual,69,0.9765970242055011
0.9,71,gaussian_certified,69,0.9765970242055011
0.9,71,gaussian_biometrika,69,0.9765970242055011
0.9,71,symmetric_unimodal,69,0.9765970242055011
0.9,82,marginal,75,0.5737852242139544
0.9,82,usual,79,0.9679061097126905
0.9,82,gaussian_certified,79,0.9679061097126905
0.9,82,gaussian_biometrika,79,0.9679061097126905
0.9,82,symmetric_unimodal,79,0.9679061097126905
0.9,94,marginal,86,0.5950922988727122
0.9,94,usual,90,0.9623994079620182
0.9,94,gaussian_certified,90,0.9623994079620182
0.9,94,gaussian_biometrika,90,0.9623994079620182
0.9,94,symmetric_unimodal,90,0.9623994079620182
0.9,109,marginal,99,0.5227061511534333
0.9,109,usual,104,0.9651288433079466
0.9,109,gaussian_certified,104,0.9651288433079466
0.9,109,gaussian_biometrika,104,0.9651288433079466
0.9,109,symmetric_unimodal,104,0.9651288433079466
0.9,110,marginal,100,0.5352836576973018
0.9,110,usual,105,0.9672572375061698
0.9,110,gaussian_certified,105,0.9672572375061698
0.9,110,gaussian_biometrika,105,0.9672572375061698
0.9,110,symmetric_unimodal,105,0.9672572375061698
0.9,125,marginal,114,0.591379980783867
0.9,125,usual,119,0.9698977110281793
0.9,125,gaussian_certified,119,0.9698977110281793
0.9,125,gaussian_biometrika,119,0.9698977110281793
0.9,125,symmetric_unimodal,119,0.9698977110281793
0.9,144,marginal,131,0.5723754536418111
0.9,144,usual,136,0.9544628703447475
0.9,144,gaussian_certified,136,0.9544628703447475
0.9,144,gaussian_biometrika,136,0.9544628703447475
0.9,144,symmetric_unimodal,136,0.9544628703447475
0.9,167,marginal,152,0.5960974838675288
0.9,167,usual,157,0.948911749379519
0.9,167,gaussian_certified,158,0.9734574094794758
0.9,167,gaussian_biometrika,158,0.9734574094794758
0.9,167,symmetric_unimodal,158,0.9734574094794758
0.9,192,marginal,174,0.5396869650111243
0.9,192,usual,180,0.9495404404513074
0.9,192,gaussian_certified,181,0.9723587185879862
0.9,192,gaussian_biometrika,181,0.9723587185879862
0.9,192,symmetric_unimodal,181,0.9723587185879862
0.9,222,marginal,201,0.534746080941287
0.9,222,usual,208,0.9605592853550476
0.9,222,gaussian_certified,208,0.9605592853550476
0.9,222,gaussian_biometrika,208,0.9605592853550476
0.9,222,symmetric_unimodal,208,0.9605592853550476
0.9,256,marginal,232,0.5634353626737518
0.9,256,usual,239,0.9562586603120397
0.9,256,gaussian_certified,239,0.9562586603120397
0.9,256,gaussian_biometrika,239,0.9562586603120397
0.9,256,symmetric_unimodal,239,0.9562586603120397
0.9,295,marginal,267,0.5489081526059228
0.9,295,usual,275,0.9613305111601453
0.9,295,gaussian_certified,275,0.9613305111601453
0.9,295,gaussian_biometrika,275,0.9613305111601453
0.9,295,symmetric_unimodal,275,0.9613305111601453
0.9,340,marginal,307,0.5067122524350602
0.9,340,usual,316,0.9577774436732519
0.9,340,gaussian_certified,316,0.9577774436732519
0.9,340,gaussian_biometrika,316,0.9577774436732519
0.9,340,symmetric_unimodal,316,0.9577774436732519
0.9,393,marginal,355,0.5235979510508915
0.9,393,usual,364,0.9496334959727811
0.9,393,gaussian_certified,365,0.966026719930588
0.9,393,gaussian_biometrika,365,0.966026719930588
0.9,393,symmetric_unimodal,365,0.966026719930588
0.9,453,marginal,409,0.5189544188728612
0.9,453,usual,419,0.9536293023976002
0.9,453,gaussian_certified,419,0.9536293023976002
0.9,453,gaussian_biometrika,419,0.9536293023976002
0.9,453,symmetric_unimodal,420,0.9679656972267092
0.9,523,marginal,472,0.514356145276758
0.9,523,usual,483,0.9558145601997304
0.9,523,gaussian_certified,483,0.9558145601997304
0.9,523,gaussian_biometrika,483,0.9558145601997304
0.9,523,symmetric_unimodal,484,0.9686952726164528
0.9,603,marginal,544,0.5098749951998706
0.9,603,usual,556,0.9568311565798195
0.9,603,gaussian_certified,556,0.9568311565798195
0.9,603,gaussian_biometrika,556,0.9568311565798195
0.9,603,symmetric_unimodal,557,0.9686481144327582
0.9,696,marginal,628,0.5205971964204329
0.9,696,usual,640,0.9472899225601664
0.9,696,gaussian_certified,641,0.9602836256240732
0.9,696,gaussian_biometrika,641,0.9602836256240732
0.9,696,symmetric_unimodal,641,0.9602836256240732
0.9,802,marginal,723,0.4963141383647582
0.9,802,usual,737,0.9545911667579011
0.9,802,gaussian_certified,737,0.9545911667579011
0.9,802,gaussian_biometrika,737,0.9545911667579011
0.9,802,symmetric_unimodal,738,0.9653508892082626
0.9,926,marginal,835,0.5097482128726286
0.9,926,usual,849,0.9454522743311377
0.9,926,gaussian_certified,850,0.9571081094497047
0.9,926,gaussian_biometrika,850,0.9571081094497047
0.9,926,symmetric_unimodal,851,0.9666965672726531
0.9,1000,marginal,901,0.4815628537653307
0.9,1000,usual,916,0.942561130842269
0.9,1000,gaussian_certified,917,0.9542697355610738
0.9,1000,gaussian_biometrika,917,0.9542697355610738
0.9,1000,symmetric_unimodal,918,0.9640095046864088
0.9,1068,marginal,963,0.5125876174034023
0.9,1068,usual,978,0.9455418679498976
0.9,1068,gaussian_certified,979,0.956412238618797
0.9,1068,gaussian_biometrika,979,0.956412238618797
0.9,1068,symmetric_unimodal,980,0.96548705274519
0.9,1232,marginal,1110,0.4839038012418395
0.9,1232,usual,1127,0.9467193934290664
0.9,1232,gaussian_certified,1128,0.956691132777387
0.9,1232,gaussian_biometrika,1128,0.956691132777387
0.9,1232,symmetric_unimodal,1129,0.9651203002929796
0.9,1421,marginal,1280,0.4761154220995821
0.9,1421,usual,1298,0.9414686697715478
0.9,1421,gaussian_certified,1299,0.9515032289036022
0.9,1421,gaussian_biometrika,1300,0.9601315803111137
0.9,1421,symmetric_unimodal,1301,0.9674848055661839
0.9,1639,marginal,1476,0.4654406347515239
0.9,1639,usual,1496,0.9445854966263509
0.9,1639,gaussian_certified,1497,0.9535504964713873
0.9,1639,gaussian_biometrika,1497,0.9535504964713873
0.9,1639,symmetric_unimodal,1499,0.9680215921570711
0.9,1891,marginal,1703,0.46774140430821587
0.9,1891,usual,1724,0.9406192671151226
0.9,1891,gaussian_certified,1726,0.9572259008642232
0.9,1891,gaussian_biometrika,1726,0.9572259008642232
0.9,1891,symmetric_unimodal,1727,0.9640114174687613
0.9,2182,marginal,1965,0.4661572175831764
0.9,2182,usual,1988,0.9437085242215982
0.9,2182,gaussian_certified,1989,0.951609028519414
0.9,2182,gaussian_biometrika,1990,0.9586067286499284
0.9,2182,symmetric_unimodal,1991,0.9647697422761353
0.9,2517,marginal,2267,0.47459926721317724
0.9,2517,usual,2291,0.940450913469906
0.9,2517,gaussian_certified,2293,0.955057413236263
0.9,2517,gaussian_biometrika,2293,0.955057413236263
0.9,2517,symmetric_unimodal,2295,0.9666582168200655
0.9,2903,marginal,2614,0.4588370546447507
0.9,2903,usual,2640,0.9370644958691785
0.9,2903,gaussian_certified,2642,0.9513625836522824
0.9,2903,gaussian_biometrika,2643,0.9574770923989175
0.9,2903,symmetric_unimodal,2645,0.9678568274602953
0.9,3349,marginal,3015,0.4443280845899662
0.9,3349,usual,3043,0.932668578774625
0.9,3349,gaussian_certified,3046,0.9529171470779246
0.9,3349,gaussian_biometrika,3047,0.9584719461485155
0.9,3349,symmetric_unimodal,3049,0.9680014501739191
0.9,3864,marginal,3479,0.4499737434076965
0.9,3864,usual,3509,0.9338596622938694
0.9,3864,gaussian_certified,3512,0.9525857698768171
0.9,3864,gaussian_biometrika,3513,0.957794723819101
0.9,3864,symmetric_unimodal,3516,0.9707210389528437
0.9,4457,marginal,4013,0.44990295676865744
0.9,4457,usual,4045,0.932225262101328
0.9,4457,gaussian_certified,4048,0.9501364266756485
0.9,4457,gaussian_biometrika,4049,0.9551945853702742
0.9,4457,symmetric_unimodal,4053,0.9714753512787125
0.9,5142,marginal,4629,0.43401946410561026
0.9,5142,usual,4664,0.9306052271004689
0.9,5142,gaussian_certified,4668,0.9526112716305691
0.9,5142,gaussian_biometrika,4669,0.957137514941779
0.9,5142,symmetric_unimodal,4673,0.9718943206603092
0.9,5931,marginal,5339,0.4260092720185071
0.9,5931,usual,5377,0.9301219176549579
0.9,5931,gaussian_certified,5381,0.9509071210995145
0.9,5931,gaussian_biometrika,5382,0.9552486071042128
0.9,5931,symmetric_unimodal,5387,0.972567962969311
0.9,6842,marginal,6159,0.42104804605429746
0.9,6842,usual,6199,0.9235622251196907
0.9,6842,gaussian_certified,6205,0.9531605392633224
0.9,6842,gaussian_biometrika,6206,0.957057167983547
0.9,6842,symmetric_unimodal,6211,0.9728131481554863
0.9,7893,marginal,7105,0.4154770023243141
0.9,7893,usual,7148,0.9215542910676362
0.9,7893,gaussian_certified,7154,0.950026027401303
0.9,7893,gaussian_biometrika,7156,0.9574407106409409
0.9,7893,symmetric_unimodal,7162,0.9745290925822028
0.9,9106,marginal,8197,0.4120079008188115
0.9,9106,usual,8243,0.9191306643212687
0.9,9106,gaussian_certified,8250,0.9503481422349285
0.9,9106,gaussian_biometrika,8252,0.9572373650463492
0.9,9106,symmetric_unimodal,8259,0.9755382879192038
0.9,10000,marginal,9001,0.39888318209982127
0.9,10000,usual,9050,0.9179469000471376
0.9,10000,gaussian_certified,9058,0.9518198817227997
0.9,10000,gaussian_biometrika,9060,0.9582482340249283
0.9,10000,symmetric_unimodal,9068,0.9774078137959268
0.9,10504,marginal,9455,0.4012199594074303
0.9,10504,usual,9505,0.9177452112737938
0.9,10504,gaussian_certified,9513,0.9510112911278265
0.9,10504,gaussian_biometrika,9515,0.9573752142360019
0.9,10504,symmetric_unimodal,9523,0.9765097660455854
0.9,12118,marginal,10908,0.39736772015509153
0.9,12118,usual,10961,0.9127257177393273
0.9,12118,gaussian_certified,10971,0.9520873302341641
0.9,12118,gaussian_biometrika,10973,0.9579228803839347
0.9,12118,symmetric_unimodal,10983,0.9791116271319892
0.9,13979,marginal,12582,0.3783201717172897
0.9,13979,usual,12640,0.9094897058448336
0.9,13979,gaussian_certified,12651,0.9507781316294313
0.9,13979,gaussian_biometrika,12654,0.9589334662150213
0.9,13979,symmetric_unimodal,12665,0.9800244675188232
0.9,16126,marginal,14515,0.3761833343508493
0.9,16126,usual,14577,0.9071872246022408
0.9,16126,gaussian_certified,14590,0.9525178424362433
0.9,16126,gaussian_biometrika,14593,0.9599214138554228
0.9,16126,symmetric_unimodal,14605,0.9807854552908138
0.9,18603,marginal,16744,0.36322140252969554
0.9,18603,usual,16811,0.9029608049421
0.9,18603,gaussian_certified,16825,0.9500518707865038
0.9,18603,gaussian_biometrika,16829,0.9594706740294369
0.9,18603,symmetric_unimodal,16843,0.9817972152720537
0.9,21461,marginal,19316,0.3509840695237118
0.9,21461,usual,19388,0.8972372554476764
0.9,21461,gaussian_certified,19405,0.95130976667338
0.9,21461,gaussian_biometrika,19409,0.9599406149803151
0.9,21461,symmetric_unimodal,19426,0.9839398136361764
0.9,24757,marginal,22283,0.34465466407675016
0.9,24757,usual,22360,0.8927460052171866
0.9,24757,gaussian_certified,22379,0.9503843975695638
0.9,24757,gaussian_biometrika,22384,0.9604510030976059
0.9,24757,symmetric_unimodal,22403,0.984786758534164
0.9,28560,marginal,25705,0.32763168044577645
0.9,28560,usual,25788,0.8848971800182716
0.9,28560,gaussian_certified,25811,0.9514022871815789
0.9,28560,gaussian_biometrika,25816,0.9606678434468916
0.9,28560,symmetric_unimodal,25839,0.9867448632741921
0.9,32946,marginal,29653,0.31934824365776526
0.9,32946,usual,29742,0.8797324246675708
0.9,32946,gaussian_certified,29768,0.9511615724558435
0.9,32946,gaussian_biometrika,29774,0.9614487161721303
0.9,32946,symmetric_unimodal,29800,0.9878315093694662
0.9,38007,marginal,34208,0.3067350351248378
0.9,38007,usual,34303,0.8702066722903159
0.9,38007,gaussian_certified,34333,0.9500628914527989
0.9,38007,gaussian_biometrika,34341,0.962774681066938
0.9,38007,symmetric_unimodal,34370,0.988878111680936
0.9,43845,marginal,39462,0.29173122934809614
0.9,43845,usual,39565,0.8641539705606038
0.9,43845,gaussian_certified,39599,0.950075375606374
0.9,43845,gaussian_biometrika,39608,0.9633083928493003
0.9,43845,symmetric_unimodal,39642,0.9903192338693991
0.9,50579,marginal,45522,0.2743139334458988
0.9,50579,usual,45633,0.8537799063316781
0.9,50579,gaussian_certified,45673,0.9506311383267017
0.9,50579,gaussian_biometrika,45683,0.9641316152580284
0.9,50579,symmetric_unimodal,45722,0.9914789882463636
0.9,58348,marginal,52515,0.2635728314447312
0.9,58348,usual,52633,0.8420602695633421
0.9,58348,gaussian_certified,52680,0.951250828666012
0.9,58348,gaussian_biometrika,52691,0.9648857315777982
0.9,58348,symmetric_unimodal,52736,0.9926281372623577
0.9,67310,marginal,60580,0.24453292982490613
0.9,67310,usual,60708,0.8313312813061169
0.9,67310,gaussian_certified,60761,0.9501107188746288
0.9,67310,gaussian_biometrika,60775,0.9661906530838977
0.9,67310,symmetric_unimodal,60827,0.9938446237815299
0.9,77649,marginal,69885,0.22816592139184771
0.9,77649,usual,70022,0.8159996285950516
0.9,77649,gaussian_certified,70084,0.9502836525775591
0.9,77649,gaussian_biometrika,70099,0.9662778531590283
0.9,77649,symmetric_unimodal,70160,0.9948596721256046
0.9,89576,marginal,80620,0.2139713139086714
0.9,89576,usual,80767,0.802478438801864
0.9,89576,gaussian_certified,80838,0.9502294866209838
0.9,89576,gaussian_biometrika,80856,0.9677953560855186
0.9,89576,symmetric_unimodal,80926,0.9958185679710594
0.9,100000,marginal,90001,0.19902986108844983
0.9,100000,usual,90157,0.7896228279635907
0.9,100000,gaussian_certified,90237,0.9509746703968153
0.9,100000,gaussian_biometrika,90256,0.9683004158579299
0.9,100000,symmetric_unimodal,90334,0.9963939276344388
0.9,103335,marginal,93003,0.1965514687542079
0.9,103335,usual,93161,0.7852689908607088
0.9,103335,gaussian_certified,93243,0.950156259910055
0.9,103335,gaussian_biometrika,93264,0.968978453534288
0.9,103335,symmetric_unimodal,93344,0.9965731649035364
0.9,119207,marginal,107288,0.1796758139694523
0.9,119207,usual,107457,0.7643770734767348
0.9,119207,gaussian_certified,107553,0.950884082113741
0.9,119207,gaussian_biometrika,107576,0.9697658911240251
0.9,119207,symmetric_unimodal,107669,0.9973149320246618
0.9,137517,marginal,123767,0.1620773620920919
0.9,137517,usual,123949,0.7438399904093298
0.9,137517,gaussian_certified,124059,0.9505612315716998
0.9,137517,gaussian_biometrika,124086,0.9709496597664145
0.9,137517,symmetric_unimodal,124193,0.9979201288296683
0.9,158639,marginal,142776,0.14297525861515398
0.9,158639,usual,142972,0.7184600970848734
0.9,158639,gaussian_certified,143099,0.9502859986260157
0.9,158639,gaussian_biometrika,143130,0.9718722381680406
0.9,158639,symmetric_unimodal,143254,0.9984431133420234
0.9,183006,marginal,164707,0.12694981327595442
0.9,183006,usual,164917,0.6915206420795186
0.9,183006,gaussian_certified,165064,0.9507627044460638
0.9,183006,gaussian_biometrika,165099,0.973011599070992
0.9,183006,symmetric_unimodal,165243,0.9988896692334973
0.9,211115,marginal,190005,0.10986892271000992
0.9,211115,usual,190231,0.6616369170717646
0.9,211115,gaussian_certified,190400,0.9505150036278704
0.9,211115,gaussian_biometrika,190441,0.9743779956956864
0.9,211115,symmetric_unimodal,190607,0.9992221882956944
0.9,243542,marginal,219189,0.09324418617519652
0.9,243542,usual,219432,0.6273018059200679
0.9,243542,gaussian_certified,219627,0.9504203740790685
0.9,243542,gaussian_biometrika,219675,0.9758884760044833
0.9,243542,symmetric_unimodal,219865,0.9994613666129404
0.9,280950,marginal,252856,0.0777050620890924
0.9,280950,usual,253117,0.5889818098309603
0.9,280950,gaussian_certified,253342,0.9502445019798992
0.9,280950,gaussian_biometrika,253397,0.9770017300609339
0.9,280950,symmetric_unimodal,253617,0.9996508900549823
0.9,324104,marginal,291695,0.06376980443567115
0.9,324104,usual,291975,0.5476169159449691
0.9,324104,gaussian_certified,292235,0.9504851237264096
0.9,324104,gaussian_biometrika,292298,0.9783521785094046
0.9,324104,symmetric_unimodal,292552,0.9997841744674699
0.9,373886,marginal,336499,0.05089037975893385
0.9,373886,usual,336800,0.5034057794387146
0.9,373886,gaussian_certified,337099,0.9501542960592767
0.9,373886,gaussian_biometrika,337172,0.9796620258066278
0.9,373886,symmetric_unimodal,337466,0.9998748995263068
0.9,431314,marginal,388184,0.039269297160887985
0.9,431314,usual,388507,0.45381305789697957
0.9,431314,gaussian_certified,388853,0.9503498916729575
0.9,431314,gaussian_biometrika,388937,0.981109488827763
0.9,431314,symmetric_unimodal,389276,0.9999307917193752
0.9,497564,marginal,447809,0.029374240693817468
0.9,497564,usual,448156,0.4025985183647928
0.9,497564,gaussian_certified,448555,0.9502554060889347
0.9,497564,gaussian_biometrika,448652,0.982504480055858
0.9,497564,symmetric_unimodal,449043,0.9999640621942674
0.9,573989,marginal,516591,0.021038147937533627
0.9,573989,usual,516965,0.3506017735941244
0.9,573989,gaussian_certified,517425,0.950423769257295
0.9,573989,gaussian_biometrika,517537,0.9840087496467279
0.9,573989,symmetric_unimodal,517988,0.9999828960848673
0.9,662153,marginal,595939,0.014560938752497053
0.9,662153,usual,596340,0.2960700347006556
0.9,662153,gaussian_certified,596871,0.950384283187329
0.9,662153,gaussian_biometrika,597000,0.9853728147713458
0.9,662153,symmetric_unimodal,597520,0.9999923905946703
0.9,763859,marginal,687474,0.009505085580718935
0.9,763859,usual,687905,0.24253151433892461
0.9,763859,gaussian_certified,688517,0.9500630019707006
0.9,763859,gaussian_biometrika,688667,0.9868160024355027
0.9,763859,symmetric_unimodal,689267,0.9999969844730554
0.9,881187,marginal,793070,0.005929346393706435
0.9,881187,usual,793532,0.19145825774024625
0.9,881187,gaussian_certified,794239,0.950317684814685
0.9,881187,gaussian_biometrika,794411,0.9881526914978549
0.9,881187,symmetric_unimodal,795104,0.9999989312984701
0.9,1000000,marginal,900001,0.003643708710741941
0.9,1000000,usual,900494,0.14988855616326052
0.9,1000000,gaussian_certified,901296,0.9501965335092986
0.9,1000000,gaussian_biometrika,901492,0.9893775785415063
0.9,1000000,symmetric_unimodal,902278,0.9999996125459116
0.9,1016536,marginal,914884,0.0034301974646609064
0.9,1016536,usual,915381,0.14519990269286262
0.9,1016536,gaussian_certified,916196,0.9502854688180233
0.9,1016536,gaussian_biometrika,916395,0.9895301489923131
0.9,1016536,symmetric_unimodal,917194,0.9999996630644243
0.9,1172675,marginal,1055409,0.0018390310356984102
0.9,1172675,usual,1055943,0.1042475450510961
0.9,1172675,gaussian_certified,1056883,0.9501812606165866
0.9,1172675,gaussian_biometrika,1057113,0.9908208359022673
0.9,1172675,symmetric_unimodal,1058034,0.9999999068007093
0.9,1352797,marginal,1217519,0.0009059799026153577
0.9,1352797,usual,1218092,0.07020428816470804
0.9,1352797,gaussian_certified,1219177,0.9501822573491289
0.9,1352797,gaussian_biometrika,1219442,0.9920239594559752
0.9,1352797,symmetric_unimodal,1220505,0.9999999783377052
0.9,1560585,marginal,1404528,0.00040198071306881967
0.9,1560585,usual,1405144,0.044113935379961736
0.9,1560585,gaussian_certified,1406395,0.9500307386801765
0.9,1560585,gaussian_biometrika,1406702,0.9932155415267062
0.9,1560585,symmetric_unimodal,1407928,0.9999999958263028
0.9,1800289,marginal,1620261,0.00015822493244000256
0.9,1800289,usual,1620923,0.025352868953541077
0.9,1800289,gaussian_certified,1622367,0.9501100458770474
0.9,1800289,gaussian_biometrika,1622720,0.9942522602095729
0.9,1800289,symmetric_unimodal,1624135,0.9999999993417079
0.9,2076811,marginal,1869131,5.491257971758314e-05
0.9,2076811,usual,1869842,0.013194873265222269
0.9,2076811,gaussian_certified,1871508,0.950142120740652
0.9,2076811,gaussian_biometrika,1871915,0.9952326465725365
0.9,2076811,symmetric_unimodal,1873548,0.9999999999189989
0.9,2395807,marginal,2156228,1.6400707452791182e-05
0.9,2395807,usual,2156991,0.006084657204226396
0.9,2395807,gaussian_certified,2158913,0.9500924453890078
0.9,2395807,gaussian_biometrika,2159383,0.9961255368335855
0.9,2395807,symmetric_unimodal,2161267,0.9999999999923898
0.9,2763800,marginal,2487421,4.052505183431208e-06
0.9,2763800,usual,2488241,0.002434628757694221
0.9,2763800,gaussian_certified,2490459,0.9501414795224945
0.9,2763800,gaussian_biometrika,2491001,0.9969107842654709
0.9,2763800,symmetric_unimodal,2493174,0.9999999999994699
0.9,3188317,marginal,2869487,8.270330638894739e-07
0.9,3188317,usual,2870367,0.0008269310565381476
0.9,3188317,gaussian_certified,2872926,0.9501467481617468
0.9,3188317,gaussian_biometrika,2873552,0.997601877204977
0.9,3188317,symmetric_unimodal,2876059,0.9999999999999746
0.9,3678039,marginal,3310236,1.315027161875265e-07
0.9,3678039,usual,3311182,0.0002314331738889499
0.9,3678039,gaussian_certified,3314134,0.9500835366096211
0.9,3678039,gaussian_biometrika,3314856,0.9981719817972813
0.9,3678039,symmetric_unimodal,3317748,0.9999999999999991
0.9,4242981,marginal,3818684,1.6084959190650766e-08
0.9,4242981,usual,3819700,5.1691095808405436e-05
0.9,4242981,gaussian_certified,3823106,0.950153496679416
0.9,4242981,gaussian_biometrika,3823939,0.9986525348141394
0.9,4242981,symmetric_unimodal,3827276,1.0
0.9,4894698,marginal,4405230,1.4450094612696528e-09
0.9,4894698,usual,4406321,8.875594376761912e-06
0.9,4894698,gaussian_certified,4410250,0.9501522216818404
0.9,4894698,gaussian_biometrika,4411211,0.9990351138497632
0.9,4894698,symmetric_unimodal,4415060,1.0
0.9,5646518,marginal,5081868,8.987815369924765e-11
0.9,5646518,usual,5083040,1.116079097324532e-06
0.9,5646518,gaussian_certified,5087572,0.9500511189221461
0.9,5646518,gaussian_biometrika,5088681,0.99933180082793
0.9,5646518,symmetric_unimodal,5093122,1.0
0.9,6513817,marginal,5862437,3.682453604392389e-12
0.9,6513817,usual,5863695,9.703054669713213e-08
0.9,6513817,gaussian_certified,5868925,0.9501185684207556
0.9,6513817,gaussian_biometrika,5870204,0.9995561779500757
0.9,6513817,symmetric_unimodal,5875328,1.0
0.9,7514332,marginal,6762900,9.298120323759726e-14
0.9,7514332,usual,6764252,5.580123399652261e-09
0.9,7514332,gaussian_certified,6770285,0.950070476230639
0.9,7514332,gaussian_biometrika,6771761,0.9997179382292898
0.9,7514332,symmetric_unimodal,6777672,1.0
0.9,8668525,marginal,7801674,1.3588543763410714e-15
0.9,8668525,usual,7803126,1.9627204322257529e-10
0.9,8668525,gaussian_certified,7810086,0.9500801992145999
0.9,8668525,gaussian_biometrika,7811788,0.9998288737226603
0.9,8668525,symmetric_unimodal,7818608,1.0
0.9,10000000,marginal,9000001,1.040436183192509e-17
0.9,10000000,usual,9001561,3.892337714352809e-12
0.9,10000000,gaussian_certified,9009590,0.9500192349087321
0.9,10000000,gaussian_biometrika,9011554,0.999902069809257
0.9,10000000,symmetric_unimodal,9019422,1.0
0.95,30,marginal,30,0.784281073259862
0.95,35,marginal,35,0.8329410967026301
0.95,40,marginal,39,0.5991674121840486
0.95,46,marginal,45,0.6750932626627566
0.95,53,marginal,52,0.7484001477349391
0.95,61,marginal,59,0.591664198412342
0.95,61,usual,61,0.955784679560014
0.95,61,gaussian_certified,61,0.955784679560014
0.95,61,gaussian_biometrika,61,0.955784679560014
0.95,61,symmetric_unimodal,61,0.955784679560014
0.95,71,marginal,69,0.6934025349911177
0.95,71,usual,71,0.9734823199015166
0.95,71,gaussian_certified,71,0.9734823199015166
0.95,71,gaussian_biometrika,71,0.9734823199015166
0.95,71,symmetric_unimodal,71,0.9734823199015166
0.95,82,marginal,79,0.5886523963616955
0.95,82,usual,82,0.9848889531370235
0.95,82,gaussian_certified,82,0.9848889531370235
0.95,82,gaussian_biometrika,82,0.9848889531370235
0.95,82,symmetric_unimodal,82,0.9848889531370235
0.95,94,marginal,91,0.694775558438552
0.95,94,usual,93,0.9514751622377362
0.95,94,gaussian_certified,93,0.9514751622377362
0.95,94,gaussian_biometrika,93,0.9514751622377362
0.95,94,symmetric_unimodal,93,0.9514751622377362
0.95,109,marginal,105,0.6377199954038416
0.95,109,usual,108,0.9744723387988224
0.95,109,gaussian_certified,108,0.9744723387988224
0.95,109,gaussian_biometrika,108,0.9744723387988224
0.95,109,symmetric_unimodal,108,0.9744723387988224
0.95,110,marginal,106,0.6456975971553959
0.95,110,usual,109,0.9755552631732284
0.95,110,gaussian_certified,109,0.9755552631732284
0.95,110,gaussian_biometrika,109,0.9755552631732284
0.95,110,symmetric_unimodal,109,0.9755552631732284
0.95,125,marginal,120,0.5954007378982376
0.95,125,usual,123,0.9515653434418655
0.95,125,gaussian_certified,123,0.9515653434418655
0.95,125,gaussian_biometrika,123,0.9515653434418655
0.95,125,symmetric_unimodal,123,0.9515653434418655
0.95,144,marginal,138,0.5807101475585962
0.95,144,usual,142,0.976584722630137
0.95,144,gaussian_certified,142,0.976584722630137
0.95,144,gaussian_biometrika,142,0.976584722630137
0.95,144,symmetric_unimodal,142,0.976584722630137
0.95,167,marginal,160,0.5957346428367578
0.95,167,usual,164,0.9690647042127394
0.95,167,gaussian_certified,164,0.9690647042127394
0.95,167,gaussian_biometrika,164,0.9690647042127394
0.95,167,symmetric_unimodal,164,0.9690647042127394
0.95,192,marginal,184,0.6215931599031363
0.95,192,usual,188,0.9648313421079642
0.95,192,gaussian_certified,188,0.9648313421079642
0.95,192,gaussian_biometrika,188,0.9648313421079642
0.95,192,symmetric_unimodal,188,0.9648313421079642
0.95,222,marginal,212,0.5510549858420888
0.95,222,usual,217,0.9671507750180928
0.95,222,gaussian_certified,217,0.9671507750180928
0.95,222,gaussian_biometrika,217,0.9671507750180928
0.95,222,symmetric_unimodal,217,0.9671507750180928
0.95,256,marginal,245,0.6267169122448617
0.95,256,usual,250,0.9730920733173047
0.95,256,gaussian_certified,250,0.9730920733173047
0.95,256,gaussian_biometrika,250,0.9730920733173047
0.95,256,symmetric_unimodal,250,0.9730920733173047
0.95,295,marginal,282,0.612194998777636
0.95,295,usual,287,0.9600756204370277
0.95,295,gaussian_certified,287,0.9600756204370277
0.95,295,gaussian_biometrika,287,0.9600756204370277
0.95,295,symmetric_unimodal,287,0.9600756204370277
0.95,340,marginal,324,0.5293928367736168
0.95,340,usual,330,0.9536852600577634
0.95,340,gaussian_certified,330,0.9536852600577634
0.95,340,gaussian_biometrika,330,0.9536852600577634
0.95,340,symmetric_unimodal,330,0.9536852600577634
0.95,393,marginal,375,0.5866622782639039
0.95,393,usual,381,0.9570033460361362
0.95,393,gaussian_certified,381,0.9570033460361362
0.95,393,gaussian_biometrika,381,0.9570033460361362
0.95,393,symmetric_unimodal,381,0.9570033460361362
0.95,453,marginal,432,0.5799064565706897
0.95,453,usual,439,0.9660812524195674
0.95,453,gaussian_certified,439,0.9660812524195674
0.95,453,gaussian_biometrika,439,0.9660812524195674
0.95,453,symmetric_unimodal,439,0.9660812524195674
0.95,523,marginal,498,0.5334227232980662
0.95,523,usual,506,0.963550854499417
0.95,523,gaussian_certified,506,0.963550854499417
0.95,523,gaussian_biometrika,506,0.963550854499417
0.95,523,symmetric_unimodal,506,0.963550854499417
0.95,603,marginal,574,0.5301740610717789
0.95,603,usual,582,0.9508429709572339
0.95,603,gaussian_certified,582,0.9508429709572339
0.95,603,gaussian_biometrika,582,0.9508429709572339
0.95,603,symmetric_unimodal,583,0.9687114435169467
0.95,696,marginal,663,0.5721694667499795
0.95,696,usual,671,0.9503928742234639
0.95,696,gaussian_certified,671,0.9503928742234639
0.95,696,gaussian_biometrika,672,0.9672245777693242
0.95,696,symmetric_unimodal,672,0.9672245777693242
0.95,802,marginal,763,0.5208694328794012
0.95,802,usual,773,0.9601954974768778
0.95,802,gaussian_certified,773,0.9601954974768778
0.95,802,gaussian_biometrika,773,0.9601954974768778
0.95,802,symmetric_unimodal,773,0.9601954974768778
0.95,926,marginal,881,0.5302975259861852
0.95,926,usual,891,0.9505344528870282
0.95,926,gaussian_certified,891,0.9505344528870282
0.95,926,gaussian_biometrika,892,0.9652098461789903
0.95,926,symmetric_unimodal,892,0.9652098461789903
0.95,1000,marginal,951,0.5110582715330491
0.95,1000,usual,962,0.9545686921107303
0.95,1000,gaussian_certified,962,0.9545686921107303
0.95,1000,gaussian_biometrika,962,0.9545686921107303
0.95,1000,symmetric_unimodal,962,0.9545686921107303
0.95,1068,marginal,1016,0.5325564670702627
0.95,1068,usual,1027,0.9545619763930109
0.95,1068,gaussian_certified,1027,0.9545619763930109
0.95,1068,gaussian_biometrika,1027,0.9545619763930109
0.95,1068,symmetric_unimodal,1027,0.9545619763930109
0.95,1232,marginal,1172,0.5393941463437804
0.95,1232,usual,1184,0.9582359630783273
0.95,1232,gaussian_certified,1184,0.9582359630783273
0.95,1232,gaussian_biometrika,1184,0.9582359630783273
0.95,1232,symmetric_unimodal,1184,0.9582359630783273
0.95,1421,marginal,1351,0.5084558551010703
0.95,1421,usual,1364,0.9513163324413278
0.95,1421,gaussian_certified,1364,0.9513163324413278
0.95,1421,gaussian_biometrika,1364,0.9513163324413278
0.95,1421,symmetric_unimodal,1365,0.9631282233314287
0.95,1639,marginal,1558,0.501773449638991
0.95,1639,usual,1572,0.9495703397707209
0.95,1639,gaussian_certified,1573,0.9609194876768493
0.95,1639,gaussian_biometrika,1573,0.9609194876768493
0.95,1639,symmetric_unimodal,1573,0.9609194876768493
0.95,1891,marginal,1798,0.5252710656797738
0.95,1891,usual,1813,0.9549819396251865
0.95,1891,gaussian_certified,1813,0.9549819396251865
0.95,1891,gaussian_biometrika,1813,0.9549819396251865
0.95,1891,symmetric_unimodal,1814,0.9646437350682255
0.95,2182,marginal,2074,0.504039119154157
0.95,2182,usual,2090,0.9478125117112794
0.95,2182,gaussian_certified,2091,0.9579757005360333
0.95,2182,gaussian_biometrika,2091,0.9579757005360333
0.95,2182,symmetric_unimodal,2091,0.9579757005360333
0.95,2517,marginal,2393,0.5292277538314365
0.95,2517,usual,2410,0.9524949212075382
0.95,2517,gaussian_certified,2410,0.9524949212075382
0.95,2517,gaussian_biometrika,2410,0.9524949212075382
0.95,2517,symmetric_unimodal,2411,0.9612863014515379
0.95,2903,marginal,2759,0.5013037056551837
0.95,2903,usual,2778,0.9515167857588053
0.95,2903,gaussian_certified,2778,0.9515167857588053
0.95,2903,gaussian_biometrika,2778,0.9515167857588053
0.95,2903,symmetric_unimodal,2779,0.9598568935473741
0.95,3349,marginal,3183,0.5084740278888968
0.95,3349,usual,3203,0.9497169328286605
0.95,3349,gaussian_certified,3204,0.9577294253623261
0.95,3349,gaussian_biometrika,3204,0.9577294253623261
0.95,3349,symmetric_unimodal,3204,0.9577294253623261
0.95,3864,marginal,3672,0.4980996924267981
0.95,3864,usual,3694,0.9507767063543537
0.95,3864,gaussian_certified,3694,0.9507767063543537
0.95,3864,gaussian_biometrika,3695,0.9581228058250411
0.95,3864,symmetric_unimodal,3695,0.9581228058250411
0.95,4457,marginal,4236,0.5134945529450563
0.95,4457,usual,4259,0.9500546870936079
0.95,4457,gaussian_certified,4259,0.9500546870936079
0.95,4457,gaussian_biometrika,4260,0.9569871791739911
0.95,4457,symmetric_unimodal,4261,0.9631298081549545
0.95,5142,marginal,4886,0.4906050085692005
0.95,5142,usual,4911,0.9456030006277543
0.95,5142,gaussian_certified,4912,0.952524901814924
0.95,5142,gaussian_biometrika,4912,0.952524901814924
0.95,5142,symmetric_unimodal,4913,0.9587305668263248
0.95,5931,marginal,5636,0.49897638828462726
0.95,5931,usual,5663,0.9487341228305682
0.95,5931,gaussian_certified,5664,0.954889773744262
0.95,5931,gaussian_biometrika,5664,0.954889773744262
0.95,5931,symmetric_unimodal,5665,0.9604423539885071
0.95,6842,marginal,6501,0.4858704324863832
0.95,6842,usual,6530,0.9448887379988555
0.95,6842,gaussian_certified,6531,0.9509689256662811
0.95,6842,gaussian_biometrika,6532,0.9565062658572022
0.95,6842,symmetric_unimodal,6533,0.9615322918430012
0.95,7893,marginal,7500,0.49474080779769086
0.95,7893,usual,7531,0.9463700461433489
0.95,7893,gaussian_certified,7532,0.9519163582995472
0.95,7893,gaussian_biometrika,7532,0.9519163582995472
0.95,7893,symmetric_unimodal,7534,0.9616406827180125
0.95,9106,marginal,8652,0.48468213983512265
0.95,9106,usual,8686,0.9471695867604031
0.95,9106,gaussian_certified,8687,0.9522777501971197
0.95,9106,gaussian_biometrika,8687,0.9522777501971197
0.95,9106,symmetric_unimodal,8689,0.9613146316755713
0.95,10000,marginal,9501,0.4772910592749799
0.95,10000,usual,9537,0.946900089481495
0.95,10000,gaussian_certified,9538,0.951797931183458
0.95,10000,gaussian_biometrika,9539,0.9563304303061548
0.95,10000,symmetric_unimodal,9541,0.9643705506300145
0.95,10504,marginal,9980,0.4799814537567306
0.95,10504,usual,10016,0.9430488785978995
0.95,10504,gaussian_certified,10018,0.9527970428326242
0.95,10504,gaussian_biometrika,10018,0.9527970428326242
0.95,10504,symmetric_unimodal,10021,0.9648818303926476
0.95,12118,marginal,11514,0.4887363398308983
0.95,12118,usual,11552,0.9422210883287373
0.95,12118,gaussian_certified,11554,0.9514350822750339
0.95,12118,gaussian_biometrika,11555,0.9555832422784729
0.95,12118,symmetric_unimodal,11557,0.963028082261431
0.95,13979,marginal,13281,0.4702325038080411
0.95,13979,usual,13323,0.9420490011765481
0.95,13979,gaussian_certified,13325,0.9506764337712615
0.95,13979,gaussian_biometrika,13326,0.9545907532236046
0.95,13979,symmetric_unimodal,13329,0.9648640682124927
0.95,16126,marginal,15321,0.472404907052081
0.95,16126,usual,15366,0.9421040025059508
0.95,16126,gaussian_certified,15368,0.9501549656370081
0.95,16126,gaussian_biometrika,15369,0.9538335471231074
0.95,16126,symmetric_unimodal,15373,0.9664356350204978
0.95,18603,marginal,17674,0.46702002222916944
0.95,18603,usual,17722,0.9390169195365786
0.95,18603,gaussian_certified,17725,0.9504592831244664
0.95,18603,gaussian_biometrika,17726,0.9538702817882362
0.95,18603,symmetric_unimodal,17730,0.9656828125624147
0.95,21461,marginal,20389,0.4623820834025419
0.95,21461,usual,20441,0.9391903839931175
0.95,21461,gaussian_certified,20445,0.9530754969005861
0.95,21461,gaussian_biometrika,20445,0.9530754969005861
0.95,21461,symmetric_unimodal,20450,0.9667422766592239
0.95,24757,marginal,23521,0.4681690430847377
0.95,24757,usual,23576,0.9378295231677967
0.95,24757,gaussian_certified,23580,0.9510679153036674
0.95,24757,gaussian_biometrika,23581,0.953999954191776
0.95,24757,symmetric_unimodal,23587,0.9687663482053218
0.95,28560,marginal,27133,0.45466217708153833
0.95,28560,usual,27193,0.9366331846748044
0.95,28560,gaussian_certified,27198,0.9520311086364062
0.95,28560,gaussian_biometrika,27199,0.9547195699765554
0.95,28560,symmetric_unimodal,27205,0.9684164011021213
0.95,32946,marginal,31300,0.45378878933509664
0.95,32946,usual,31365,0.9380351994983062
0.95,32946,gaussian_certified,31370,0.9522072069826873
0.95,32946,gaussian_biometrika,31371,0.9547045137412039
0.95,32946,symmetric_unimodal,31378,0.969393742901468
0.95,38007,marginal,36108,0.4499187574222101
0.95,38007,usual,36177,0.9342952034541341
0.95,38007,gaussian_certified,36183,0.9506920901263746
0.95,38007,gaussian_biometrika,36185,0.9553698620282461
0.95,38007,symmetric_unimodal,36193,0.9706426164040364
0.95,43845,marginal,41654,0.444433539191984
0.95,43845,usual,41729,0.9349499198767307
0.95,43845,gaussian_certified,41735,0.9501977881060691
0.95,43845,gaussian_biometrika,41737,0.9545965602781947
0.95,43845,symmetric_unimodal,41747,0.9721430970132507
0.95,50579,marginal,48051,0.43719275201786495
0.95,50579,usual,48131,0.930991774273014
0.95,50579,gaussian_certified,48139,0.9503516321572893
0.95,50579,gaussian_biometrika,48141,0.9544441960096985
0.95,50579,symmetric_unimodal,48153,0.973659652001492
0.95,58348,marginal,55432,0.43560521000759134
0.95,58348,usual,55518,0.930580234550145
0.95,58348,gaussian_certified,55527,0.9508236986932097
0.95,58348,gaussian_biometrika,55529,0.9546111386305831
0.95,58348,symmetric_unimodal,55543,0.975029212191939
0.95,67310,marginal,63946,0.4307772174149994
0.95,67310,usual,64038,0.9279547515808363
0.95,67310,gaussian_certified,64049,0.9512599852402241
0.95,67310,gaussian_biometrika,64052,0.9564422478482865
0.95,67310,symmetric_unimodal,64067,0.9760999124983446
0.95,77649,marginal,73768,0.42454255480207737
0.95,77649,usual,73867,0.9261094898997312
0.95,77649,gaussian_certified,73879,0.9502042120269539
0.95,77649,gaussian_biometrika,73883,0.9566764376063384
0.95,77649,symmetric_unimodal,73900,0.9770498783384954
0.95,89576,marginal,85099,0.4203907287616736
0.95,89576,usual,85205,0.9238193467927186
0.95,89576,gaussian_certified,85219,0.950296393815941
0.95,89576,gaussian_biometrika,85223,0.956332835745542
0.95,89576,symmetric_unimodal,85243,0.9782760138015845
0.95,100000,marginal,95001,0.4106714130338447
0.95,100000,usual,95114,0.9222744653723951
0.95,100000,gaussian_certified,95130,0.9509988869399475
0.95,100000,gaussian_biometrika,95134,0.9566597808454446
0.95,100000,symmetric_unimodal,95157,0.9798263610557925
0.95,103335,marginal,98170,0.4133217253531449
0.95,103335,usual,98284,0.921440737969022
0.95,103335,gaussian_certified,98300,0.9500219794353189
0.95,103335,gaussian_biometrika,98305,0.9570161940393106
0.95,103335,symmetric_unimodal,98328,0.9797463640749566
0.95,119207,marginal,113248,0.40408306766901386
0.95,119207,usual,113371,0.9189522692697922
0.95,119207,gaussian_certified,113390,0.9507828955763595
0.95,119207,gaussian_biometrika,113395,0.9572376100721196
0.95,119207,symmetric_unimodal,113422,0.9813107641066163
0.95,137517,marginal,130643,0.39900865476004915
0.95,137517,usual,130775,0.9167035395481232
0.95,137517,gaussian_certified,130796,0.9500087527766504
0.95,137517,gaussian_biometrika,130802,0.9572618152569154
0.95,137517,symmetric_unimodal,130834,0.982961300657903
0.95,158639,marginal,150708,0.38691700505168347
0.95,158639,usual,150851,0.9139617695774267
0.95,158639,gaussian_certified,150876,0.951089992493261
0.95,158639,gaussian_biometrika,150882,0.9577495889431787
0.95,158639,symmetric_unimodal,150918,0.9839555317899679
0.95,183006,marginal,173857,0.3800370778631846
0.95,183006,usual,174010,0.9100174262073023
0.95,183006,gaussian_certified,174039,0.9509249644286771
0.95,183006,gaussian_biometrika,174046,0.9581397275002453
0.95,183006,symmetric_unimodal,174088,0.9855013426288065
0.95,211115,marginal,200561,0.3727797354147152
0.95,211115,usual,200725,0.9062716727768478
0.95,211115,gaussian_certified,200758,0.9504935464698185
0.95,211115,gaussian_biometrika,200767,0.9590818775385775
0.95,211115,symmetric_unimodal,200815,0.9868943127731558
0.95,243542,marginal,231366,0.3608642183586597
0.95,243542,usual,231543,0.9021951109079812
0.95,243542,gaussian_certified,231581,0.9504737501514294
0.95,243542,gaussian_biometrika,231591,0.959335344639597
0.95,243542,symmetric_unimodal,231647,0.9883176646457126
0.95,280950,marginal,266904,0.35209911216112305
0.95,280950,usual,267093,0.8963023819319103
0.95,280950,gaussian_certified,267138,0.9507709460232021
0.95,280950,gaussian_biometrika,267149,0.959782217354623
0.95,280950,symmetric_unimodal,267214,0.9896849055842033
0.95,324104,marginal,307900,0.34044534889601513
0.95,324104,usual,308104,0.8919631009234424
0.95,324104,gaussian_certified,308155,0.9505429780068786
0.95,324104,gaussian_biometrika,308168,0.9604138870807737
0.95,324104,symmetric_unimodal,308243,0.9909589503391233
0.95,373886,marginal,355193,0.3293939713118084
0.95,373886,usual,355412,0.8860252152256256
0.95,373886,gaussian_certified,355471,0.9505784239993251
0.95,373886,gaussian_biometrika,355486,0.9611047290467415
0.95,373886,symmetric_unimodal,355572,0.9920895983963929
0.95,431314,marginal,409750,0.3183950919771921
0.95,431314,usual,409984,0.8782539008437913
0.95,431314,gaussian_certified,410053,0.9505826887828026
0.95,431314,gaussian_biometrika,410070,0.9616287938769417
0.95,431314,symmetric_unimodal,410169,0.9931629555638145
0.95,497564,marginal,472687,0.304512940418579
0.95,497564,usual,472939,0.8710140463520889
0.95,497564,gaussian_certified,473018,0.9502467125219763
0.95,497564,gaussian_biometrika,473038,0.9622964198054637
0.95,497564,symmetric_unimodal,473153,0.9943022060629312
0.95,573989,marginal,545291,0.29172961526834457
0.95,573989,usual,545562,0.8635034233587029
0.95,573989,gaussian_certified,545653,0.9504802809507733
0.95,573989,gaussian_biometrika,545676,0.9632304584257325
0.95,573989,symmetric_unimodal,545808,0.9952471690938267
0.95,662153,marginal,629047,0.27809429985289735
0.95,662153,usual,629338,0.854392550352299
0.95,662153,gaussian_certified,629443,0.9505055316409053
0.95,662153,gaussian_biometrika,629470,0.9642820360152891
0.95,662153,symmetric_unimodal,629622,0.9961429214157729
0.95,763859,marginal,725667,0.26219950345081444
0.95,763859,usual,725980,0.8436539818290697
0.95,763859,gaussian_certified,726101,0.9502330948828205
0.95,763859,gaussian_biometrika,726132,0.964895150142509
0.95,763859,symmetric_unimodal,726308,0.996921151410518
0.95,881187,marginal,837129,0.24762213347507606
0.95,881187,usual,837465,0.8322642029258913
0.95,881187,gaussian_certified,837604,0.9500045628656366
0.95,881187,gaussian_biometrika,837641,0.9661114263109368
0.95,881187,symmetric_unimodal,837843,0.9975891988573011
0.95,1000000,marginal,950001,0.2331367757968601
0.95,1000000,usual,950359,0.8203646239888371
0.95,1000000,gaussian_certified,950518,0.9503949593704895
0.95,1000000,gaussian_biometrika,950559,0.9669359831383528
0.95,1000000,symmetric_unimodal,950789,0.9981218225380625
0.95,1016536,marginal,965711,0.23240838646059206
0.95,1016536,usual,966071,0.8185993864444405
0.95,1016536,gaussian_certified,966232,0.9500272781180683
0.95,1016536,gaussian_biometrika,966274,0.9668950306273998
0.95,1016536,symmetric_unimodal,966508,0.9981753307668487
0.95,1172675,marginal,1114043,0.21592482899680412
0.95,1172675,usual,1114430,0.8040732149560141
0.95,1172675,gaussian_certified,1114616,0.9502008891411056
0.95,1172675,gaussian_biometrika,1114664,0.9679113119357696
0.95,1172675,symmetric_unimodal,1114934,0.9986511408626305
0.95,1352797,marginal,1285159,0.19919115201069956
0.95,1352797,usual,1285575,0.7878553361433729
0.95,1352797,gaussian_certified,1285789,0.9500887837650535
0.95,1352797,gaussian_biometrika,1285845,0.9690789233413452
0.95,1352797,symmetric_unimodal,1286156,0.9990316755888474
0.95,1560585,marginal,1482557,0.18142751916871977
0.95,1560585,usual,1483004,0.7685772031874022
0.95,1560585,gaussian_certified,1483252,0.9502853205999284
0.95,1560585,gaussian_biometrika,1483316,0.9701841782946306
0.95,1560585,symmetric_unimodal,1483675,0.9993312220912749
0.95,1800289,marginal,1710276,0.16429528073253902
0.95,1800289,usual,1710756,0.7475160388136708
0.95,1800289,gaussian_certified,1711042,0.9502577696907253
0.95,1800289,gaussian_biometrika,1711115,0.97114052884766
0.95,1800289,symmetric_unimodal,1711530,0.9995546527094744
0.95,2076811,marginal,1972972,0.14700158998914
0.95,2076811,usual,1973488,0.7242848162640926
0.95,2076811,gaussian_certified,1973817,0.9500994309486903
0.95,2076811,gaussian_biometrika,1973902,0.972401287455753
0.95,2076811,symmetric_unimodal,1974381,0.9997182810145098
0.95,2395807,marginal,2276018,0.12963937662450095
0.95,2395807,usual,2276572,0.6971341660915299
0.95,2395807,gaussian_certified,2276952,0.9500575472781516
0.95,2395807,gaussian_biometrika,2277050,0.9736163700694777
0.95,2395807,symmetric_unimodal,2277603,0.9998299206702745
0.95,2763800,marginal,2625611,0.1125831711202621
0.95,2763800,usual,2626207,0.6678458051376204
0.95,2763800,gaussian_certified,2626645,0.9500870138946786
0.95,2763800,gaussian_biometrika,2626758,0.9749149105166539
0.95,2763800,symmetric_unimodal,2627396,0.9999027999596967
0.95,3188317,marginal,3028903,0.09668370543905963
0.95,3188317,usual,3029542,0.6342724088514933
0.95,3188317,gaussian_certified,3030048,0.9501586354282473
0.95,3188317,gaussian_biometrika,3030178,0.9762279649005513
0.95,3188317,symmetric_unimodal,3030914,0.9999477362006621
0.95,3678039,marginal,3494138,0.08081625539233757
0.95,3678039,usual,3494825,0.5970886568401159
0.95,3678039,gaussian_certified,3495409,0.9501262267550288
0.95,3678039,gaussian_biometrika,3495560,0.9776975960110165
0.95,3678039,symmetric_unimodal,3496408,0.9999738015492777
0.95,4242981,marginal,4030833,0.06640245626203879
0.95,4242981,usual,4031571,0.5566555474300177
0.95,4242981,gaussian_certified,4032245,0.9502208040386999
0.95,4242981,gaussian_biometrika,4032418,0.9789946409705579
0.95,4242981,symmetric_unimodal,4033397,0.9999878936920056
0.95,4894698,marginal,4649965,0.05339247621793383
0.95,4894698,usual,4650757,0.5125223317030234
0.95,4894698,gaussian_certified,4651534,0.9501284966291744
0.95,4894698,gaussian_biometrika,4651734,0.9803956704717245
0.95,4894698,symmetric_unimodal,4652864,0.9999949214211705
0.95,5646518,marginal,5364194,0.04158115182125797
0.95,5646518,usual,5365045,0.4650156812664508
0.95,5646518,gaussian_certified,5365941,0.9500861222694643
0.95,5646518,gaussian_biometrika,5366172,0.9818204737940286
0.95,5646518,symmetric_unimodal,5367476,0.9999980769348289
0.95,6513817,marginal,6188128,0.0313456989075258
0.95,6513817,usual,6189042,0.4142407971003277
0.95,6513817,gaussian_certified,6190076,0.9500950808585129
0.95,6513817,gaussian_biometrika,6190343,0.9832898637918152
0.95,6513817,symmetric_unimodal,6191846,0.9999993450330376
0.95,7514332,marginal,7138617,0.022752868084077973
0.95,7514332,usual,7139599,0.36138718238422884
0.95,7514332,gaussian_certified,7140792,0.9500949743887785
0.95,7514332,gaussian_biometrika,7141100,0.9847134262321516
0.95,7514332,symmetric_unimodal,7142834,0.9999998059175307
0.95,8668525,marginal,8235100,0.01582381271535715
0.95,8668525,usual,8236155,0.30739272523422145
0.95,8668525,gaussian_certified,8237531,0.9500072897962757
0.95,8668525,gaussian_biometrika,8237887,0.9861339559407941
0.95,8668525,symmetric_unimodal,8239888,0.9999999508007938
0.95,10000000,marginal,9500001,0.0104866057115984
0.95,10000000,usual,9501134,0.25362656320010485
0.95,10000000,gaussian_certified,9502722,0.9500114549946547
0.95,10000000,gaussian_biometrika,9503132,0.9874953453331073
0.95,10000000,symmetric_unimodal,9505441,0.9999999894249234
