K,q,rule,rank,settings_covered,min_reliability_covered,min_reliability_bimodal,min_reliability_mixed,min_reliability_all,above_usual_min,above_usual_max,noshape_rank,below_noshape_min,below_noshape_median,below_noshape_max
110,0.8,Gaussian,96.0,5,1.0,1.0,,0.9995,0.0,0.0,105.0,22.49687052766611,28.056713721731175,28.51138522891382
110,0.8,"no shape, log-concave",107.0,30,1.0,1.0,1.0,1.0,37.08967683586162,77.58612117560662,,,,
110,0.8,"no shape, median-zero",105.0,30,1.0,1.0,1.0,1.0,26.319802241324997,51.35417168346521,,,,
110,0.8,symmetric unimodal,96.0,25,0.9995,0.9995,1.0,0.9995,0.0,0.0,105.0,20.835848199827677,27.608906992704608,31.87757969586983
110,0.8,usual,96.0,0,,,,0.9995,,,,,,
110,0.9,Gaussian,105.0,5,1.0,1.0,,0.9995,0.0,0.0,109.0,20.915358183635966,24.652777098879742,28.260015739508738
110,0.9,log-concave,105.0,25,0.9995,1.0,1.0,0.9995,0.0,0.0,110.0,26.93380679538141,38.53250432286743,48.100945799825446
110,0.9,"no shape, log-concave",110.0,30,1.0,1.0,1.0,1.0,36.8622007170327,121.79150074282994,,,,
110,0.9,"no shape, median-zero",109.0,30,1.0,1.0,1.0,1.0,22.529229710204834,62.88324440613384,,,,
110,0.9,symmetric unimodal,105.0,25,0.9995,1.0,0.9995,0.9995,0.0,0.0,109.0,18.38682064964332,26.62999450060628,32.86656180474361
110,0.9,usual,105.0,0,,,,0.9995,,,,,,
110,0.95,Gaussian,109.0,5,1.0,1.0,,0.9985,0.0,0.0,,,,
110,0.95,"no shape, log-concave",,30,,,,,,,,,,
110,0.95,"no shape, median-zero",,30,,,,,,,,,,
110,0.95,symmetric unimodal,109.0,25,0.9985,1.0,0.999,0.9985,0.0,0.0,,,,
110,0.95,usual,109.0,0,,,,0.9985,,,,,,
1000,0.8,Gaussian,826.0,5,1.0,1.0,,1.0,0.8849894647259715,1.1581721700207437,916.0,20.311626357270086,24.27265979853319,25.637499538996643
1000,0.8,"no shape, log-concave",941.0,30,1.0,1.0,1.0,1.0,35.67202069191424,63.08466819559415,,,,
1000,0.8,"no shape, median-zero",916.0,30,1.0,1.0,1.0,1.0,25.329200363790672,42.38313491456722,,,,
1000,0.8,symmetric unimodal,829.0,25,1.0,1.0,1.0,1.0,1.4876152309247104,2.1603965614875653,916.0,19.02316863401463,23.68386024869672,27.80526666890948
1000,0.8,usual,822.0,0,,,,1.0,,,,,,
1000,0.9,Gaussian,917.0,5,1.0,1.0,,1.0,0.3037495815829683,0.42147992919578936,962.0,16.123394910719046,20.88069315981409,21.119389986013225
1000,0.9,log-concave,922.0,25,1.0,1.0,1.0,1.0,1.7786103917927898,2.874217447342131,974.0,18.815115896383915,26.047855465498536,33.306244644285364
1000,0.9,"no shape, log-concave",974.0,30,1.0,1.0,1.0,1.0,25.366454008720375,54.29632702323672,,,,
1000,0.9,"no shape, median-zero",962.0,30,1.0,1.0,1.0,1.0,17.718447722636977,35.87646907560511,,,,
1000,0.9,symmetric unimodal,918.0,25,1.0,1.0,1.0,1.0,0.5780638502606461,0.9813597538165242,962.0,14.560490903483336,20.157344937892006,24.350033751051313
1000,0.9,usual,916.0,0,,,,1.0,,,,,,
1000,0.95,Gaussian,962.0,5,1.0,1.0,,1.0,0.0,0.0,984.0,14.161267572759861,17.039654169442343,19.654720676853167
1000,0.95,"no shape, log-concave",989.0,30,1.0,1.0,1.0,1.0,19.71594056982642,49.01163725619293,,,,
1000,0.95,"no shape, median-zero",984.0,30,1.0,1.0,1.0,1.0,14.165355101874555,34.76242034210068,,,,
1000,0.95,symmetric unimodal,962.0,25,1.0,1.0,1.0,1.0,0.0,0.0,984.0,12.407752850445918,17.616765436658465,22.548811467415085
1000,0.95,usual,962.0,0,,,,1.0,,,,,,
